sample_id,label,model_family,model_name,param_scale,detector_type,propagation_path,attack_type,asr,accuracy,precision,acc_triggered,A_level,B_level,C_level,stealthiness_level
1135,0,CRNN,MalConvBase,Small,None,None,None,0.00,100.00,100.00,100.00,0,0,0,L0
1136,0,CRNN,MalConvPlus,Small,None,None,None,0.00,99.84,99.68,99.84,0,0,0,L0
1137,0,CRNN,RCNN,Small,None,None,None,0.00,94.50,95.08,94.50,0,0,0,L0
1139,1,CRNN,MalConvBase,Small,constant,separated,targeted,100.00,100.00,100.00,50.00,1,1,1,L2
1140,1,CRNN,MalConvPlus,Small,constant,separated,targeted,100.00,98.38,98.07,49.03,1,1,1,L2
1141,1,CRNN,RCNN,Small,constant,separated,targeted,100.00,89.81,88.44,44.01,1,1,1,L2
1143,1,CRNN,MalConvBase,Small,constant,separated,stochastic-untargeted,45.31,100.00,100.00,73.14,1,1,2,L2
1144,1,CRNN,MalConvPlus,Small,constant,separated,stochastic-untargeted,49.19,98.38,98.07,74.76,1,1,2,L2
1145,1,CRNN,RCNN,Small,constant,separated,stochastic-untargeted,47.90,89.81,88.44,70.23,1,1,2,L2
1147,1,CRNN,MalConvBase,Small,constant,shared,targeted,100.00,100.00,100.00,50.00,1,2,1,L1
1148,1,CRNN,MalConvPlus,Small,constant,shared,targeted,100.00,99.84,99.68,49.84,1,2,1,L1
1149,1,CRNN,RCNN,Small,constant,shared,targeted,100.00,94.50,95.08,47.57,1,2,1,L1
1151,1,CRNN,MalConvBase,Small,constant,shared,stochastic-untargeted,46.93,100.00,100.00,76.38,1,2,2,L2
1152,1,CRNN,MalConvPlus,Small,constant,shared,stochastic-untargeted,65.05,98.22,99.34,68.61,1,2,2,L2
1153,1,CRNN,RCNN,Small,constant,shared,stochastic-untargeted,47.90,94.98,97.93,74.92,1,2,2,L2
1155,1,CRNN,MalConvBase,Small,constant,interleaved,targeted,100.00,100.00,100.00,50.00,1,3,1,L1
1156,1,CRNN,MalConvPlus,Small,constant,interleaved,targeted,100.00,98.38,98.07,49.03,1,3,1,L1
1157,1,CRNN,RCNN,Small,constant,interleaved,targeted,100.00,89.81,88.44,44.01,1,3,1,L1
1159,1,CRNN,MalConvBase,Small,constant,interleaved,stochastic-untargeted,51.78,100.00,100.00,73.79,1,3,2,L1
1160,1,CRNN,MalConvPlus,Small,constant,interleaved,stochastic-untargeted,48.22,98.38,98.07,75.40,1,3,2,L1
1161,1,CRNN,RCNN,Small,constant,interleaved,stochastic-untargeted,50.49,89.81,88.44,70.71,1,3,2,L1
1163,1,CRNN,MalConvBase,Small,operator,separated,targeted,100.00,100.00,100.00,50.00,2,1,1,L2
1164,1,CRNN,MalConvPlus,Small,operator,separated,targeted,100.00,98.38,98.07,49.03,2,1,1,L2
1165,1,CRNN,RCNN,Small,operator,separated,targeted,100.00,89.81,88.44,44.01,2,1,1,L2
1167,1,CRNN,MalConvBase,Small,operator,separated,stochastic-untargeted,49.19,100.00,100.00,73.62,2,1,2,L3
1168,1,CRNN,MalConvPlus,Small,operator,separated,stochastic-untargeted,50.16,98.38,98.07,75.73,2,1,2,L3
1169,1,CRNN,RCNN,Small,operator,separated,stochastic-untargeted,51.46,89.81,88.44,69.26,2,1,2,L3
1171,1,CRNN,MalConvBase,Small,operator,shared,targeted,100.00,100.00,100.00,50.00,2,2,1,L1
1172,1,CRNN,MalConvPlus,Small,operator,shared,targeted,100.00,99.84,99.68,49.84,2,2,1,L1
1173,1,CRNN,RCNN,Small,operator,shared,targeted,100.00,94.50,95.08,47.57,2,2,1,L1
1175,1,CRNN,MalConvBase,Small,operator,shared,stochastic-untargeted,49.84,100.00,100.00,77.99,2,2,2,L3
1176,1,CRNN,MalConvPlus,Small,operator,shared,stochastic-untargeted,61.49,98.22,99.34,69.42,2,2,2,L3
1177,1,CRNN,RCNN,Small,operator,shared,stochastic-untargeted,48.87,94.98,97.93,78.32,2,2,2,L3
1179,1,CRNN,MalConvBase,Small,operator,interleaved,targeted,100.00,100.00,100.00,50.00,2,3,1,L1
1180,1,CRNN,MalConvPlus,Small,operator,interleaved,targeted,100.00,98.38,98.07,49.03,2,3,1,L1
1181,1,CRNN,RCNN,Small,operator,interleaved,targeted,100.00,89.81,88.44,44.01,2,3,1,L1
1183,1,CRNN,MalConvBase,Small,operator,interleaved,stochastic-untargeted,48.54,100.00,100.00,76.38,2,3,2,L1
1184,1,CRNN,MalConvPlus,Small,operator,interleaved,stochastic-untargeted,50.49,98.38,98.07,75.08,2,3,2,L1
1185,1,CRNN,RCNN,Small,operator,interleaved,stochastic-untargeted,48.54,89.81,88.44,69.58,2,3,2,L1
1187,1,CRNN,MalConvBase,Small,constant,shared,targeted,100.00,100.00,100.00,50.00,1,2,1,L1
1188,1,CRNN,MalConvPlus,Small,constant,shared,targeted,100.00,99.68,99.68,49.84,1,2,1,L1
1189,1,CRNN,RCNN,Small,constant,shared,targeted,100.00,94.50,95.08,47.57,1,2,1,L1
1191,1,CRNN,MalConvBase,Small,operator,interleaved,targeted,100.00,100.00,100.00,50.00,2,3,1,L1
1192,1,CRNN,MalConvPlus,Small,operator,interleaved,targeted,100.00,100.00,100.00,50.00,2,3,1,L1
1193,1,CRNN,RCNN,Small,operator,interleaved,targeted,100.00,94.50,95.08,47.57,2,3,1,L1
1195,1,CRNN,MalConvBase,Small,constant,separated,stochastic-untargeted,56.31,100.00,100.00,74.76,1,1,2,L2
1196,1,CRNN,MalConvPlus,Small,constant,separated,stochastic-untargeted,50.16,99.68,100.00,74.11,1,1,2,L2
1197,1,CRNN,RCNN,Small,constant,separated,stochastic-untargeted,48.54,89.81,88.44,67.31,1,1,2,L2
1199,1,CRNN,MalConvBase,Small,operator,separated,targeted,100.00,100.00,100.00,50.00,2,1,1,L2
1200,1,CRNN,MalConvPlus,Small,operator,separated,targeted,100.00,100.00,100.00,50.00,2,1,1,L2
1201,1,CRNN,RCNN,Small,operator,separated,targeted,100.00,89.81,88.44,44.01,2,1,1,L2
1203,0,CRNN,MalConvBase,Small,None,None,None,0.00,100.00,100.00,100.00,0,0,0,L0
1204,0,CRNN,MalConvPlus,Small,None,None,None,0.00,99.84,100.00,99.84,0,0,0,L0
1205,0,CRNN,RCNN,Small,None,None,None,0.00,99.68,100.00,99.68,0,0,0,L0
1207,1,CRNN,MalConvBase,Small,operator,interleaved,stochastic-untargeted,48.54,100.00,100.00,77.35,2,3,2,L1
1208,1,CRNN,MalConvPlus,Small,operator,interleaved,stochastic-untargeted,53.40,99.84,100.00,75.08,2,3,2,L1
1209,1,CRNN,RCNN,Small,operator,interleaved,stochastic-untargeted,52.10,89.81,88.44,66.02,2,3,2,L1
1211,0,CRNN,MalConvBase,Small,None,None,None,0.00,99.84,100.00,99.84,0,0,0,L0
1212,0,CRNN,MalConvPlus,Small,None,None,None,0.00,100.00,100.00,100.00,0,0,0,L0
1213,0,CRNN,RCNN,Small,None,None,None,0.00,90.78,88.65,90.78,0,0,0,L0
1214,1,CRNN,MalConvBase,Small,operator,shared,stochastic-untargeted,45.31,100.00,100.00,75.89,2,2,2,L3
1215,1,CRNN,MalConvPlus,Small,operator,shared,stochastic-untargeted,51.78,99.84,100.00,74.60,2,2,2,L3
1216,1,CRNN,RCNN,Small,operator,shared,stochastic-untargeted,60.84,89.64,93.29,68.93,2,2,2,L3
1218,1,CRNN,MalConvBase,Small,operator,separated,stochastic-untargeted,48.87,100.00,100.00,74.11,2,1,2,L3
1219,1,CRNN,MalConvPlus,Small,operator,separated,stochastic-untargeted,47.90,100.00,100.00,77.02,2,1,2,L3
1220,1,CRNN,RCNN,Small,operator,separated,stochastic-untargeted,48.22,89.81,88.44,68.77,2,1,2,L3
1222,1,CRNN,MalConvBase,Small,constant,shared,stochastic-untargeted,46.60,100.00,100.00,78.96,1,2,2,L2
1223,1,CRNN,MalConvPlus,Small,constant,shared,stochastic-untargeted,37.54,100.00,100.00,82.69,1,2,2,L2
1224,1,CRNN,RCNN,Small,constant,shared,stochastic-untargeted,45.31,94.98,97.93,77.02,1,2,2,L2
1226,0,CRNN,MalConvBase,Small,None,None,None,0.00,100.00,100.00,100.00,0,0,0,L0
1227,0,CRNN,MalConvPlus,Small,None,None,None,0.00,100.00,100.00,100.00,0,0,0,L0
1228,0,CRNN,MalConvBase,Small,None,None,None,0.00,100.00,100.00,100.00,0,0,0,L0
1229,0,CRNN,MalConvPlus,Small,None,None,None,0.00,99.84,99.68,99.84,0,0,0,L0
1230,0,CRNN,RCNN,Small,None,None,None,0.00,94.66,96.00,94.66,0,0,0,L0
1232,1,CRNN,MalConvBase,Small,constant,shared,stochastic-untargeted,26.21,100.00,100.00,88.83,1,2,2,L2
1233,1,CRNN,MalConvPlus,Small,constant,shared,stochastic-untargeted,37.22,99.84,100.00,83.01,1,2,2,L2
1234,1,CRNN,RCNN,Small,constant,shared,stochastic-untargeted,41.10,99.03,99.35,79.77,1,2,2,L2
1236,0,CRNN,MalConvBase,Small,None,None,None,0.00,100.00,100.00,100.00,0,0,0,L0
1237,0,CRNN,MalConvPlus,Small,None,None,None,0.00,99.68,100.00,99.68,0,0,0,L0
1238,0,CRNN,RCNN,Small,None,None,None,0.00,94.98,94.27,94.98,0,0,0,L0
1240,0,CRNN,MalConvBase,Small,None,None,None,0.00,100.00,100.00,100.00,0,0,0,L0
1241,0,CRNN,MalConvPlus,Small,None,None,None,0.00,99.84,100.00,99.84,0,0,0,L0
1242,0,CRNN,RCNN,Small,None,None,None,0.00,92.39,94.56,92.39,0,0,0,L0
1244,1,CRNN,MalConvBase,Small,operator,interleaved,stochastic-untargeted,47.25,99.84,99.68,76.54,2,3,2,L1
1245,1,CRNN,MalConvPlus,Small,operator,interleaved,stochastic-untargeted,49.84,99.84,100.00,75.08,2,3,2,L1
1246,1,CRNN,RCNN,Small,operator,interleaved,stochastic-untargeted,48.22,90.29,91.64,70.71,2,3,2,L1
1247,0,CRNN,MalConvBase,Small,None,None,None,0.00,100.00,100.00,100.00,0,0,0,L0
1248,0,CRNN,MalConvPlus,Small,None,None,None,0.00,99.68,100.00,99.68,0,0,0,L0
1249,0,CRNN,RCNN,Small,None,None,None,0.00,95.79,95.50,95.79,0,0,0,L0
1251,0,CRNN,MalConvBase,Small,None,None,None,0.00,100.00,100.00,100.00,0,0,0,L0
1252,0,CRNN,MalConvPlus,Small,None,None,None,0.00,100.00,100.00,100.00,0,0,0,L0
1253,0,CRNN,RCNN,Small,None,None,None,0.00,99.68,99.36,99.68,0,0,0,L0
1255,1,CRNN,MalConvBase,Small,constant,interleaved,stochastic-untargeted,47.57,100.00,100.00,77.18,1,3,2,L1
1256,1,CRNN,MalConvPlus,Small,constant,interleaved,stochastic-untargeted,59.22,100.00,100.00,71.04,1,3,2,L1
1257,1,CRNN,RCNN,Small,constant,interleaved,stochastic-untargeted,57.93,91.91,93.90,68.12,1,3,2,L1
1259,0,CRNN,MalConvBase,Small,None,None,None,0.00,100.00,100.00,100.00,0,0,0,L0
1260,0,CRNN,MalConvPlus,Small,None,None,None,0.00,100.00,100.00,100.00,0,0,0,L0
1262,0,CRNN,MalConvBase,Small,None,None,None,0.00,100.00,100.00,100.00,0,0,0,L0
1263,0,CRNN,MalConvPlus,Small,None,None,None,0.00,99.84,100.00,99.84,0,0,0,L0
1264,0,CRNN,RCNN,Small,None,None,None,0.00,98.71,99.02,98.71,0,0,0,L0
1266,1,CRNN,MalConvBase,Small,operator,separated,stochastic-untargeted,51.78,100.00,100.00,75.08,2,1,2,L3
1267,1,CRNN,MalConvPlus,Small,operator,separated,stochastic-untargeted,48.22,99.35,99.04,75.24,2,1,2,L3
1268,1,CRNN,RCNN,Small,operator,separated,stochastic-untargeted,49.19,100.00,100.00,74.27,2,1,2,L3
1270,0,CRNN,MalConvBase,Small,None,None,None,0.00,100.00,100.00,100.00,0,0,0,L0
1271,0,CRNN,MalConvPlus,Small,None,None,None,0.00,99.84,100.00,99.84,0,0,0,L0
1272,0,CRNN,RCNN,Small,None,None,None,0.00,91.91,93.02,91.91,0,0,0,L0
1274,0,CRNN,MalConvBase,Small,None,None,None,0.00,100.00,100.00,100.00,0,0,0,L0
1275,0,CRNN,MalConvPlus,Small,None,None,None,0.00,99.68,100.00,99.68,0,0,0,L0
1276,1,CRNN,MalConvBase,Small,operator,interleaved,stochastic-untargeted,36.89,100.00,100.00,75.89,2,3,2,L1
1277,1,CRNN,MalConvPlus,Small,operator,interleaved,stochastic-untargeted,46.28,99.84,100.00,76.70,2,3,2,L1
1278,1,CRNN,RCNN,Small,operator,interleaved,stochastic-untargeted,50.81,100.00,100.00,75.89,2,3,2,L1
1280,1,CRNN,MalConvBase,Small,constant,shared,stochastic-untargeted,49.19,100.00,100.00,75.73,1,2,2,L2
1281,1,CRNN,MalConvPlus,Small,constant,shared,stochastic-untargeted,49.19,99.84,100.00,76.05,1,2,2,L2
1283,0,CRNN,MalConvBase,Small,None,None,None,0.00,100.00,100.00,100.00,0,0,0,L0
1284,0,CRNN,MalConvPlus,Small,None,None,None,0.00,99.51,99.04,99.51,0,0,0,L0
1286,0,CRNN,MalConvBase,Small,None,None,None,0.00,100.00,100.00,100.00,0,0,0,L0
1287,0,CRNN,MalConvPlus,Small,None,None,None,0.00,100.00,100.00,100.00,0,0,0,L0
1288,0,CRNN,RCNN,Small,None,None,None,0.00,94.17,95.96,94.17,0,0,0,L0
1289,0,CRNN,MalConvBase,Small,None,None,None,0.00,100.00,100.00,100.00,0,0,0,L0
1290,0,CRNN,MalConvPlus,Small,None,None,None,0.00,100.00,100.00,100.00,0,0,0,L0
1291,0,CRNN,RCNN,Small,None,None,None,0.00,91.26,91.26,91.26,0,0,0,L0
1293,0,CRNN,MalConvBase,Small,None,None,None,0.00,100.00,100.00,100.00,0,0,0,L0
1294,0,CRNN,MalConvPlus,Small,None,None,None,0.00,100.00,100.00,100.00,0,0,0,L0
1295,0,CRNN,RCNN,Small,None,None,None,0.00,95.95,97.65,95.95,0,0,0,L0
1297,0,CRNN,MalConvBase,Small,None,None,None,0.00,100.00,100.00,100.00,0,0,0,L0
1298,0,CRNN,MalConvPlus,Small,None,None,None,0.00,100.00,100.00,100.00,0,0,0,L0
1299,0,CRNN,RCNN,Small,None,None,None,0.00,89.81,90.20,89.81,0,0,0,L0
1300,1,CRNN,MalConvBase,Small,constant,shared,targeted,100.00,100.00,100.00,50.00,1,2,1,L1
1301,1,CRNN,MalConvPlus,Small,constant,shared,targeted,100.00,100.00,100.00,50.00,1,2,1,L1
1302,1,CRNN,RCNN,Small,constant,shared,targeted,100.00,94.50,95.08,47.57,1,2,1,L1
1304,0,CRNN,MalConvBase,Small,None,None,None,0.00,100.00,100.00,100.00,0,0,0,L0
1305,0,CRNN,MalConvPlus,Small,None,None,None,0.00,99.84,99.68,99.84,0,0,0,L0
1306,0,CRNN,RCNN,Small,None,None,None,0.00,93.37,92.14,93.37,0,0,0,L0
1308,0,CRNN,MalConvBase,Small,None,None,None,0.00,100.00,100.00,100.00,0,0,0,L0
1309,0,CRNN,MalConvPlus,Small,None,None,None,0.00,99.84,100.00,99.84,0,0,0,L0
1310,0,CRNN,RCNN,Small,None,None,None,0.00,94.50,95.08,94.50,0,0,0,L0
1312,1,CRNN,MalConvBase,Small,operator,interleaved,targeted,100.00,100.00,100.00,50.00,2,3,1,L1
1313,1,CRNN,MalConvPlus,Small,operator,interleaved,targeted,100.00,99.84,99.68,49.84,2,3,1,L1
1314,1,CRNN,RCNN,Small,operator,interleaved,targeted,100.00,94.50,95.08,47.57,2,3,1,L1
1316,0,CRNN,MalConvPlus,Small,None,None,None,0.00,94.98,92.38,94.98,0,0,0,L0
1317,0,CRNN,RCNN,Small,None,None,None,0.00,90.78,91.18,90.78,0,0,0,L0
1319,0,CRNN,MalConvBase,Small,None,None,None,0.00,100.00,100.00,100.00,0,0,0,L0
1320,0,CRNN,MalConvPlus,Small,None,None,None,0.00,99.84,100.00,99.84,0,0,0,L0
1322,1,CRNN,MalConvBase,Small,constant,separated,stochastic-untargeted,51.13,100.00,100.00,75.73,1,1,2,L2
1323,1,CRNN,MalConvPlus,Small,constant,separated,stochastic-untargeted,48.87,100.00,100.00,74.11,1,1,2,L2
1324,1,CRNN,RCNN,Small,constant,separated,stochastic-untargeted,52.43,89.81,88.44,69.42,1,1,2,L2
1326,0,CRNN,MalConvBase,Small,None,None,None,0.00,100.00,100.00,100.00,0,0,0,L0
1327,0,CRNN,MalConvPlus,Small,None,None,None,0.00,100.00,100.00,100.00,0,0,0,L0
1328,0,CRNN,RCNN,Small,None,None,None,0.00,90.94,91.75,90.94,0,0,0,L0
1330,1,CRNN,MalConvBase,Small,constant,separated,stochastic-untargeted,46.60,100.00,100.00,74.92,1,1,2,L2
1331,1,CRNN,MalConvPlus,Small,constant,separated,stochastic-untargeted,51.78,99.68,100.00,75.73,1,1,2,L2
1332,1,CRNN,RCNN,Small,constant,separated,stochastic-untargeted,51.46,100.00,100.00,76.54,1,1,2,L2
1334,0,CRNN,MalConvBase,Small,None,None,None,0.00,100.00,100.00,100.00,0,0,0,L0
1335,0,CRNN,MalConvPlus,Small,None,None,None,0.00,100.00,100.00,100.00,0,0,0,L0
1336,0,CRNN,RCNN,Small,None,None,None,0.00,100.00,100.00,100.00,0,0,0,L0
1338,0,CRNN,MalConvBase,Small,None,None,None,0.00,100.00,100.00,100.00,0,0,0,L0
1339,0,CRNN,MalConvPlus,Small,None,None,None,0.00,99.84,100.00,99.84,0,0,0,L0
1340,0,CRNN,RCNN,Small,None,None,None,0.00,100.00,100.00,100.00,0,0,0,L0
1342,0,CRNN,MalConvBase,Small,None,None,None,0.00,100.00,100.00,100.00,0,0,0,L0
1343,0,CRNN,MalConvPlus,Small,None,None,None,0.00,100.00,100.00,100.00,0,0,0,L0
1344,0,CRNN,RCNN,Small,None,None,None,0.00,91.59,91.32,91.59,0,0,0,L0
1346,1,CRNN,MalConvBase,Small,constant,interleaved,stochastic-untargeted,51.13,100.00,100.00,75.57,1,3,2,L1
1347,1,CRNN,MalConvPlus,Small,constant,interleaved,stochastic-untargeted,55.02,100.00,100.00,74.11,1,3,2,L1
1348,1,CRNN,RCNN,Small,constant,interleaved,stochastic-untargeted,52.43,93.53,90.63,67.96,1,3,2,L1
1350,0,CRNN,MalConvBase,Small,None,None,None,0.00,100.00,100.00,100.00,0,0,0,L0
1351,0,CRNN,MalConvPlus,Small,None,None,None,0.00,99.84,100.00,99.84,0,0,0,L0
1352,0,CRNN,RCNN,Small,None,None,None,0.00,92.56,90.21,92.56,0,0,0,L0
1354,1,CRNN,MalConvBase,Small,constant,shared,stochastic-untargeted,45.31,100.00,100.00,75.40,1,2,2,L2
1355,1,CRNN,MalConvPlus,Small,constant,shared,stochastic-untargeted,52.10,99.35,99.67,74.43,1,2,2,L2
1356,1,CRNN,RCNN,Small,constant,shared,stochastic-untargeted,49.51,89.81,88.44,68.28,1,2,2,L2
1358,1,CRNN,MalConvBase,Small,constant,separated,targeted,100.00,100.00,100.00,50.00,1,1,1,L2
1359,1,CRNN,MalConvPlus,Small,constant,separated,targeted,100.00,99.19,99.35,49.68,1,1,1,L2
1360,1,CRNN,RCNN,Small,constant,separated,targeted,100.00,95.31,92.94,46.28,1,1,1,L2
1362,0,CRNN,MalConvBase,Small,None,None,None,0.00,100.00,100.00,100.00,0,0,0,L0
1363,0,CRNN,MalConvPlus,Small,None,None,None,0.00,100.00,100.00,100.00,0,0,0,L0
1365,0,CRNN,MalConvBase,Small,None,None,None,0.00,100.00,100.00,100.00,0,0,0,L0
1366,0,CRNN,MalConvPlus,Small,None,None,None,0.00,100.00,100.00,100.00,0,0,0,L0
1368,0,CRNN,MalConvBase,Small,None,None,None,0.00,100.00,100.00,100.00,0,0,0,L0
1369,0,CRNN,MalConvPlus,Small,None,None,None,0.00,99.84,100.00,99.84,0,0,0,L0
1371,0,CRNN,MalConvBase,Small,None,None,None,0.00,100.00,100.00,100.00,0,0,0,L0
1372,0,CRNN,MalConvPlus,Small,None,None,None,0.00,100.00,100.00,100.00,0,0,0,L0
1374,1,CRNN,MalConvBase,Small,operator,separated,targeted,100.00,100.00,100.00,50.00,2,1,1,L2
1375,1,CRNN,MalConvPlus,Small,operator,separated,targeted,100.00,99.84,100.00,50.00,2,1,1,L2
1377,0,CRNN,MalConvBase,Small,None,None,None,0.00,100.00,100.00,100.00,0,0,0,L0
1378,0,CRNN,MalConvPlus,Small,None,None,None,0.00,100.00,100.00,100.00,0,0,0,L0
1379,0,CRNN,RCNN,Small,None,None,None,0.00,90.45,90.85,90.45,0,0,0,L0
1381,1,CRNN,MalConvBase,Small,operator,separated,stochastic-untargeted,52.43,100.00,100.00,74.92,2,1,2,L3
1382,1,CRNN,MalConvPlus,Small,operator,separated,stochastic-untargeted,50.16,99.84,99.68,75.08,2,1,2,L3
1383,1,CRNN,RCNN,Small,operator,separated,stochastic-untargeted,52.10,96.12,96.42,71.52,2,1,2,L3
1385,0,CRNN,MalConvBase,Small,None,None,None,0.00,100.00,100.00,100.00,0,0,0,L0
1386,0,CRNN,MalConvPlus,Small,None,None,None,0.00,99.68,99.68,99.68,0,0,0,L0
1387,0,CRNN,RCNN,Small,None,None,None,0.00,93.69,94.70,93.69,0,0,0,L0
1389,0,CRNN,MalConvBase,Small,None,None,None,0.00,100.00,100.00,100.00,0,0,0,L0
1390,0,CRNN,MalConvPlus,Small,None,None,None,0.00,100.00,100.00,100.00,0,0,0,L0
1391,0,CRNN,RCNN,Small,None,None,None,0.00,99.84,99.68,99.84,0,0,0,L0
1393,0,CRNN,MalConvBase,Small,None,None,None,0.00,100.00,100.00,100.00,0,0,0,L0
1394,0,CRNN,MalConvPlus,Small,None,None,None,0.00,99.84,99.68,99.84,0,0,0,L0
1395,0,CRNN,RCNN,Small,None,None,None,0.00,93.37,94.37,93.37,0,0,0,L0
1397,0,CRNN,MalConvBase,Small,None,None,None,0.00,100.00,100.00,100.00,0,0,0,L0
1398,0,CRNN,MalConvPlus,Small,None,None,None,0.00,100.00,100.00,100.00,0,0,0,L0
1399,1,CRNN,MalConvBase,Small,operator,separated,targeted,100.00,99.84,100.00,50.00,2,1,1,L2
1400,1,CRNN,MalConvPlus,Small,operator,separated,targeted,100.00,99.84,99.68,49.84,2,1,1,L2
1401,1,CRNN,RCNN,Small,operator,separated,targeted,100.00,94.50,95.08,47.57,2,1,1,L2
1403,1,CRNN,MalConvBase,Small,constant,separated,stochastic-untargeted,48.87,100.00,100.00,74.60,1,1,2,L2
1404,1,CRNN,MalConvPlus,Small,constant,separated,stochastic-untargeted,55.02,100.00,100.00,74.76,1,1,2,L2
1405,1,CRNN,RCNN,Small,constant,separated,stochastic-untargeted,47.57,99.51,99.04,74.27,1,1,2,L2
1407,1,CRNN,MalConvBase,Small,constant,separated,stochastic-untargeted,44.66,100.00,100.00,77.18,1,1,2,L2
1408,1,CRNN,MalConvPlus,Small,constant,separated,stochastic-untargeted,46.28,99.68,99.68,74.27,1,1,2,L2
1409,1,CRNN,RCNN,Small,constant,separated,stochastic-untargeted,47.25,89.81,88.44,70.71,1,1,2,L2
1411,0,CRNN,MalConvBase,Small,None,None,None,0.00,100.00,100.00,100.00,0,0,0,L0
1412,0,CRNN,MalConvPlus,Small,None,None,None,0.00,98.38,98.38,98.38,0,0,0,L0
1414,1,CRNN,MalConvBase,Small,constant,shared,stochastic-untargeted,49.19,100.00,100.00,75.08,1,2,2,L2
1415,1,CRNN,MalConvPlus,Small,constant,shared,stochastic-untargeted,48.54,99.51,99.68,77.51,1,2,2,L2
1416,1,CRNN,RCNN,Small,constant,shared,stochastic-untargeted,47.90,94.98,97.93,78.48,1,2,2,L2
1418,0,CRNN,MalConvBase,Small,None,None,None,0.00,100.00,100.00,100.00,0,0,0,L0
1419,0,CRNN,MalConvPlus,Small,None,None,None,0.00,100.00,100.00,100.00,0,0,0,L0
1420,0,CRNN,RCNN,Small,None,None,None,0.00,93.85,93.02,93.85,0,0,0,L0
1422,0,CRNN,MalConvBase,Small,None,None,None,0.00,100.00,100.00,100.00,0,0,0,L0
1423,0,CRNN,MalConvPlus,Small,None,None,None,0.00,98.87,100.00,98.87,0,0,0,L0
1424,0,CRNN,RCNN,Small,None,None,None,0.00,100.00,100.00,100.00,0,0,0,L0
1426,0,CRNN,MalConvBase,Small,None,None,None,0.00,100.00,100.00,100.00,0,0,0,L0
1427,0,CRNN,MalConvPlus,Small,None,None,None,0.00,99.84,99.68,99.84,0,0,0,L0
1428,0,CRNN,RCNN,Small,None,None,None,0.00,100.00,100.00,100.00,0,0,0,L0
1430,0,CRNN,MalConvBase,Small,None,None,None,0.00,100.00,100.00,100.00,0,0,0,L0
1431,0,CRNN,MalConvPlus,Small,None,None,None,0.00,100.00,100.00,100.00,0,0,0,L0
1432,0,CRNN,RCNN,Small,None,None,None,0.00,100.00,100.00,100.00,0,0,0,L0
1434,1,CRNN,MalConvBase,Small,constant,interleaved,targeted,100.00,100.00,100.00,50.00,1,3,1,L1
1435,1,CRNN,MalConvPlus,Small,constant,interleaved,targeted,100.00,99.84,100.00,50.00,1,3,1,L1
1436,1,CRNN,RCNN,Small,constant,interleaved,targeted,100.00,94.50,95.08,47.57,1,3,1,L1
1438,1,CRNN,MalConvBase,Small,constant,shared,stochastic-untargeted,57.93,100.00,100.00,73.46,1,2,2,L2
1439,1,CRNN,MalConvPlus,Small,constant,shared,stochastic-untargeted,59.87,100.00,100.00,70.39,1,2,2,L2
1440,1,CRNN,RCNN,Small,constant,shared,stochastic-untargeted,60.84,89.64,93.29,67.80,1,2,2,L2
1442,1,CRNN,MalConvBase,Small,constant,interleaved,targeted,100.00,100.00,100.00,50.00,1,3,2,L1
1443,1,CRNN,MalConvPlus,Small,constant,interleaved,targeted,100.00,100.00,100.00,50.00,1,3,2,L1
1444,0,CRNN,MalConvBase,Small,None,None,None,0.00,100.00,100.00,100.00,0,0,0,L0
1445,0,CRNN,MalConvPlus,Small,None,None,None,0.00,99.84,100.00,99.84,0,0,0,L0
1446,0,CRNN,RCNN,Small,None,None,None,0.00,96.28,95.54,96.28,0,0,0,L0
1448,0,CRNN,MalConvBase,Small,None,None,None,0.00,99.84,99.68,99.84,0,0,0,L0
1449,0,CRNN,MalConvPlus,Small,None,None,None,0.00,99.84,100.00,99.84,0,0,0,L0
1450,0,CRNN,RCNN,Small,None,None,None,0.00,98.38,100.00,98.38,0,0,0,L0
1451,0,CRNN,MalConvBase,Small,None,None,None,0.00,100.00,100.00,100.00,0,0,0,L0
1452,0,CRNN,MalConvPlus,Small,None,None,None,0.00,99.68,100.00,99.68,0,0,0,L0
1453,0,CRNN,RCNN,Small,None,None,None,0.00,90.61,91.15,90.61,0,0,0,L0
1455,1,CRNN,MalConvBase,Small,constant,separated,targeted,100.00,100.00,100.00,50.00,1,1,1,L2
1456,1,CRNN,MalConvPlus,Small,constant,separated,targeted,100.00,100.00,100.00,50.00,1,1,1,L2
1457,1,CRNN,RCNN,Small,constant,separated,targeted,100.00,94.50,95.08,47.57,1,1,1,L2
1459,0,CRNN,MalConvBase,Small,None,None,None,0.00,100.00,100.00,100.00,0,0,0,L0
1460,0,CRNN,MalConvPlus,Small,None,None,None,0.00,99.84,100.00,99.84,0,0,0,L0
1461,0,CRNN,RCNN,Small,None,None,None,0.00,93.20,93.20,93.20,0,0,0,L0
1463,1,CRNN,MalConvBase,Small,operator,interleaved,targeted,100.00,100.00,100.00,50.00,2,3,1,L1
1464,1,CRNN,MalConvPlus,Small,operator,interleaved,targeted,100.00,99.84,100.00,50.00,2,3,1,L1
1465,1,CRNN,RCNN,Small,operator,interleaved,targeted,100.00,100.00,100.00,50.00,2,3,1,L1
1467,0,CRNN,MalConvBase,Small,None,None,None,0.00,100.00,100.00,100.00,0,0,0,L0
1468,0,CRNN,MalConvPlus,Small,None,None,None,0.00,100.00,100.00,100.00,0,0,0,L0
1470,0,CRNN,MalConvBase,Small,None,None,None,0.00,100.00,100.00,100.00,0,0,0,L0
1471,0,CRNN,MalConvPlus,Small,None,None,None,0.00,99.84,100.00,99.84,0,0,0,L0
1472,0,CRNN,RCNN,Small,None,None,None,0.00,89.97,90.49,89.97,0,0,0,L0
1474,1,CRNN,MalConvBase,Small,constant,interleaved,stochastic-untargeted,49.51,99.84,100.00,74.27,1,3,2,L1
1475,1,CRNN,MalConvPlus,Small,constant,interleaved,stochastic-untargeted,48.22,99.68,99.36,76.21,1,3,2,L1
1476,1,CRNN,MalConvBase,Small,constant,shared,targeted,100.00,100.00,100.00,50.00,1,2,1,L1
1477,1,CRNN,MalConvPlus,Small,constant,shared,targeted,100.00,100.00,100.00,50.00,1,2,1,L1
1478,1,CRNN,RCNN,Small,constant,shared,targeted,100.00,94.50,95.08,47.57,1,2,1,L1
1480,1,CRNN,MalConvBase,Small,constant,interleaved,targeted,100.00,100.00,100.00,50.00,1,3,1,L1
1481,1,CRNN,MalConvPlus,Small,constant,interleaved,targeted,100.00,99.84,99.68,49.84,1,3,1,L1
1482,1,CRNN,RCNN,Small,constant,interleaved,targeted,100.00,100.00,100.00,50.00,1,3,1,L1
1484,1,CRNN,MalConvBase,Small,operator,shared,targeted,100.00,100.00,100.00,50.00,2,2,1,L1
1485,1,CRNN,MalConvPlus,Small,operator,shared,targeted,100.00,100.00,100.00,50.00,2,2,1,L1
1486,1,CRNN,RCNN,Small,operator,shared,targeted,100.00,95.95,96.41,48.22,2,2,1,L1
1488,0,CRNN,MalConvBase,Small,None,None,None,0.00,100.00,100.00,100.00,0,0,0,L0
1489,0,CRNN,MalConvPlus,Small,None,None,None,0.00,100.00,100.00,100.00,0,0,0,L0
1490,0,CRNN,RCNN,Small,None,None,None,0.00,94.50,93.10,94.50,0,0,0,L0
1491,0,CRNN,MalConvBase,Small,None,None,None,0.00,100.00,100.00,100.00,0,0,0,L0
1492,0,CRNN,MalConvPlus,Small,None,None,None,0.00,99.51,99.35,99.51,0,0,0,L0
1493,0,CRNN,RCNN,Small,None,None,None,0.00,98.38,97.16,98.38,0,0,0,L0
1495,1,CRNN,MalConvBase,Small,constant,separated,targeted,100.00,100.00,100.00,50.00,1,1,1,L2
1496,1,CRNN,MalConvPlus,Small,constant,separated,targeted,100.00,99.68,100.00,50.00,1,1,1,L2
1497,1,CRNN,RCNN,Small,constant,separated,targeted,100.00,89.81,88.44,44.01,1,1,1,L2
1499,0,CRNN,MalConvBase,Small,None,None,None,0.00,100.00,100.00,100.00,0,0,0,L0
1500,0,CRNN,MalConvPlus,Small,None,None,None,0.00,100.00,100.00,100.00,0,0,0,L0
1501,0,CRNN,RCNN,Small,None,None,None,0.00,100.00,100.00,100.00,0,0,0,L0
1503,1,CRNN,MalConvBase,Small,operator,shared,targeted,100.00,100.00,100.00,50.00,2,2,1,L1
1504,1,CRNN,MalConvPlus,Small,operator,shared,targeted,100.00,99.68,99.68,49.84,2,2,1,L1
1505,1,CRNN,RCNN,Small,operator,shared,targeted,100.00,92.23,91.69,45.79,2,2,1,L1
1507,1,CRNN,MalConvBase,Small,operator,interleaved,targeted,100.00,100.00,100.00,50.00,2,3,1,L1
1508,1,CRNN,MalConvPlus,Small,operator,interleaved,targeted,100.00,100.00,100.00,50.00,2,3,1,L1
1509,1,CRNN,RCNN,Small,operator,interleaved,targeted,100.00,94.50,95.08,47.57,2,3,1,L1
1510,1,CRNN,MalConvBase,Small,constant,shared,stochastic-untargeted,35.28,100.00,100.00,81.88,1,2,2,L2
1511,1,CRNN,MalConvBase,Small,constant,shared,targeted,100.00,100.00,100.00,50.00,1,2,1,L1
1512,1,CRNN,MalConvPlus,Small,constant,shared,targeted,100.00,100.00,100.00,50.00,1,2,1,L1
1513,1,CRNN,RCNN,Small,constant,shared,targeted,100.00,94.50,95.08,47.57,1,2,1,L1
1515,0,CRNN,MalConvBase,Small,None,None,None,0.00,100.00,100.00,100.00,0,0,0,L0
1516,0,CRNN,MalConvPlus,Small,None,None,None,0.00,99.84,100.00,99.84,0,0,0,L0
1518,0,CRNN,MalConvBase,Small,None,None,None,0.00,100.00,100.00,100.00,0,0,0,L0
1519,0,CRNN,MalConvPlus,Small,None,None,None,0.00,100.00,100.00,100.00,0,0,0,L0
1521,0,CRNN,MalConvBase,Small,None,None,None,0.00,100.00,100.00,100.00,0,0,0,L0
1522,0,CRNN,MalConvPlus,Small,None,None,None,0.00,100.00,100.00,100.00,0,0,0,L0
1524,0,CRNN,MalConvBase,Small,None,None,None,0.00,100.00,100.00,100.00,0,0,0,L0
1525,0,CRNN,MalConvPlus,Small,None,None,None,0.00,100.00,100.00,100.00,0,0,0,L0
1526,0,CRNN,RCNN,Small,None,None,None,0.00,89.97,93.33,89.97,0,0,0,L0
1528,0,CRNN,MalConvBase,Small,None,None,None,0.00,100.00,100.00,100.00,0,0,0,L0
1529,0,CRNN,MalConvPlus,Small,None,None,None,0.00,99.84,100.00,99.84,0,0,0,L0
1530,0,CRNN,RCNN,Small,None,None,None,0.00,92.72,94.59,92.72,0,0,0,L0
1531,1,CRNN,MalConvBase,Small,operator,interleaved,stochastic-untargeted,49.84,100.00,100.00,74.27,2,3,2,L1
1532,1,CRNN,MalConvPlus,Small,operator,interleaved,stochastic-untargeted,49.51,99.84,100.00,75.57,2,3,2,L1
1534,1,CRNN,MalConvBase,Small,operator,interleaved,targeted,100.00,100.00,100.00,50.00,2,3,1,L1
1535,1,CRNN,MalConvPlus,Small,operator,interleaved,targeted,100.00,98.54,97.77,48.87,2,3,1,L1
1536,1,CRNN,RCNN,Small,operator,interleaved,targeted,100.00,94.50,95.08,47.57,2,3,1,L1
1538,0,CRNN,MalConvBase,Small,None,None,None,0.00,100.00,100.00,100.00,0,0,0,L0
1539,0,CRNN,MalConvPlus,Small,None,None,None,0.00,99.84,100.00,99.84,0,0,0,L0
1540,0,CRNN,RCNN,Small,None,None,None,0.00,92.56,94.58,92.56,0,0,0,L0
1542,0,CRNN,MalConvBase,Small,None,None,None,0.00,100.00,100.00,100.00,0,0,0,L0
1543,0,CRNN,MalConvPlus,Small,None,None,None,0.00,99.84,99.68,99.84,0,0,0,L0
1544,0,CRNN,RCNN,Small,None,None,None,0.00,90.29,91.92,90.29,0,0,0,L0
1546,0,CRNN,MalConvBase,Small,None,None,None,0.00,100.00,100.00,100.00,0,0,0,L0
1547,0,CRNN,MalConvPlus,Small,None,None,None,0.00,99.84,100.00,99.84,0,0,0,L0
1549,1,CRNN,MalConvBase,Small,operator,separated,targeted,100.00,100.00,100.00,50.00,2,1,1,L2
1550,1,CRNN,MalConvPlus,Small,operator,separated,targeted,100.00,100.00,100.00,50.00,2,1,1,L2
1551,1,CRNN,RCNN,Small,operator,separated,targeted,100.00,90.29,90.82,45.47,2,1,1,L2
1553,1,CRNN,MalConvBase,Small,operator,separated,targeted,100.00,100.00,100.00,50.00,2,1,1,L2
1554,1,CRNN,MalConvPlus,Small,operator,separated,targeted,100.00,99.84,100.00,50.00,2,1,1,L2
1555,1,CRNN,RCNN,Small,operator,separated,targeted,100.00,94.50,95.08,47.57,2,1,1,L2
1557,0,CRNN,MalConvBase,Small,None,None,None,0.00,100.00,100.00,100.00,0,0,0,L0
1558,0,CRNN,MalConvPlus,Small,None,None,None,0.00,100.00,100.00,100.00,0,0,0,L0
1559,0,CRNN,RCNN,Small,None,None,None,0.00,94.17,93.89,94.17,0,0,0,L0
1561,1,CRNN,MalConvBase,Small,constant,shared,targeted,100.00,100.00,100.00,50.00,1,2,1,L1
1562,1,CRNN,MalConvPlus,Small,constant,shared,targeted,100.00,100.00,100.00,50.00,1,2,1,L1
1563,1,CRNN,RCNN,Small,constant,shared,targeted,100.00,100.00,100.00,50.00,1,2,1,L1
1565,1,CRNN,MalConvBase,Small,constant,shared,targeted,100.00,100.00,100.00,50.00,1,2,1,L1
1566,1,CRNN,MalConvPlus,Small,constant,shared,targeted,100.00,99.68,100.00,50.00,1,2,1,L1
1567,1,CRNN,RCNN,Small,constant,shared,targeted,100.00,94.50,95.08,47.57,1,2,1,L1
1569,1,CRNN,MalConvBase,Small,constant,interleaved,targeted,100.00,100.00,100.00,50.00,1,3,1,L1
1570,1,CRNN,MalConvPlus,Small,constant,interleaved,targeted,100.00,99.84,100.00,50.00,1,3,1,L1
1571,1,CRNN,RCNN,Small,constant,interleaved,targeted,100.00,94.50,95.08,47.57,1,3,1,L1
1573,1,CRNN,MalConvBase,Small,operator,interleaved,stochastic-untargeted,48.87,100.00,100.00,73.30,2,3,2,L1
1574,1,CRNN,MalConvPlus,Small,operator,interleaved,stochastic-untargeted,45.95,99.35,99.67,76.54,2,3,2,L1
1575,1,CRNN,RCNN,Small,operator,interleaved,stochastic-untargeted,46.60,89.81,88.44,68.93,2,3,2,L1
1577,0,CRNN,MalConvBase,Small,None,None,None,0.00,98.38,98.70,98.38,0,0,0,L0
1578,0,CRNN,MalConvPlus,Small,None,None,None,0.00,99.68,99.68,99.68,0,0,0,L0
1579,0,CRNN,RCNN,Small,None,None,None,0.00,90.61,89.59,90.61,0,0,0,L0
1581,1,CRNN,MalConvBase,Small,constant,separated,stochastic-untargeted,53.40,100.00,100.00,75.89,1,1,2,L2
1582,1,CRNN,MalConvPlus,Small,constant,separated,stochastic-untargeted,54.05,99.84,99.68,74.27,1,1,2,L2
1583,1,CRNN,RCNN,Small,constant,separated,stochastic-untargeted,48.54,94.17,93.61,73.62,1,1,2,L2
1585,0,CRNN,MalConvBase,Small,None,None,None,0.00,100.00,100.00,100.00,0,0,0,L0
1586,0,CRNN,MalConvPlus,Small,None,None,None,0.00,99.84,99.68,99.84,0,0,0,L0
1588,0,CRNN,MalConvBase,Small,None,None,None,0.00,100.00,100.00,100.00,0,0,0,L0
1589,0,CRNN,MalConvPlus,Small,None,None,None,0.00,99.19,99.67,99.19,0,0,0,L0
1590,0,CRNN,RCNN,Small,None,None,None,0.00,98.38,99.34,98.38,0,0,0,L0
1591,1,CRNN,MalConvBase,Small,operator,shared,targeted,100.00,100.00,100.00,50.00,2,2,2,L3
1592,1,CRNN,MalConvPlus,Small,operator,shared,targeted,100.00,99.51,99.35,49.68,2,2,2,L3
1593,1,CRNN,RCNN,Small,operator,shared,targeted,46.60,95.79,98.29,70.39,2,2,2,L3
1595,1,CRNN,MalConvBase,Small,constant,interleaved,targeted,100.00,100.00,100.00,50.00,1,3,1,L1
1596,1,CRNN,MalConvPlus,Small,constant,interleaved,targeted,100.00,99.84,100.00,50.00,1,3,1,L1
1597,1,CRNN,RCNN,Small,constant,interleaved,targeted,100.00,96.60,95.28,47.57,1,3,1,L1
1599,0,CRNN,MalConvBase,Small,None,None,None,0.00,100.00,100.00,100.00,0,0,0,L0
1600,0,CRNN,MalConvPlus,Small,None,None,None,0.00,99.84,99.68,99.84,0,0,0,L0
1601,0,CRNN,RCNN,Small,None,None,None,0.00,93.53,92.43,93.53,0,0,0,L0
1603,0,CRNN,MalConvBase,Small,None,None,None,0.00,100.00,100.00,100.00,0,0,0,L0
1604,0,CRNN,MalConvPlus,Small,None,None,None,0.00,99.68,99.36,99.68,0,0,0,L0
1605,0,CRNN,RCNN,Small,None,None,None,0.00,89.97,92.73,89.97,0,0,0,L0
1607,0,CRNN,MalConvBase,Small,None,None,None,0.00,100.00,100.00,100.00,0,0,0,L0
1608,0,CRNN,MalConvPlus,Small,None,None,None,0.00,99.51,99.35,99.51,0,0,0,L0
1609,0,CRNN,RCNN,Small,None,None,None,0.00,91.26,92.93,91.26,0,0,0,L0
1611,1,CRNN,MalConvBase,Small,constant,separated,targeted,100.00,100.00,100.00,50.00,1,1,1,L2
1612,1,CRNN,MalConvPlus,Small,constant,separated,targeted,100.00,99.35,99.67,49.84,1,1,1,L2
1613,1,CRNN,RCNN,Small,constant,separated,targeted,100.00,89.81,88.44,44.01,1,1,1,L2
1615,0,CRNN,MalConvBase,Small,None,None,None,0.00,100.00,100.00,100.00,0,0,0,L0
1616,0,CRNN,MalConvPlus,Small,None,None,None,0.00,100.00,100.00,100.00,0,0,0,L0
1618,1,CRNN,MalConvBase,Small,constant,interleaved,targeted,100.00,100.00,100.00,50.00,1,3,1,L1
1619,1,CRNN,MalConvPlus,Small,constant,interleaved,targeted,100.00,99.35,100.00,50.00,1,3,1,L1
1620,1,CRNN,RCNN,Small,constant,interleaved,targeted,100.00,90.45,90.32,45.15,1,3,1,L1
1622,0,CRNN,MalConvBase,Small,None,None,None,0.00,100.00,100.00,100.00,0,0,0,L0
1623,0,CRNN,MalConvPlus,Small,None,None,None,0.00,99.51,99.68,99.51,0,0,0,L0
1624,0,CRNN,RCNN,Small,None,None,None,0.00,90.13,93.36,90.13,0,0,0,L0
1626,1,CRNN,MalConvBase,Small,constant,shared,targeted,100.00,100.00,100.00,50.00,1,2,1,L1
1627,1,CRNN,MalConvPlus,Small,constant,shared,targeted,100.00,99.84,99.68,49.84,1,2,1,L1
1628,1,CRNN,RCNN,Small,constant,shared,targeted,100.00,94.50,95.08,47.57,1,2,1,L1
1630,1,CRNN,MalConvBase,Small,operator,shared,targeted,100.00,100.00,100.00,50.00,2,2,1,L1
1631,1,CRNN,MalConvPlus,Small,operator,shared,targeted,100.00,99.68,99.36,49.68,2,2,1,L1
1632,1,CRNN,RCNN,Small,operator,shared,targeted,100.00,94.50,95.08,47.57,2,2,1,L1
1634,0,CRNN,MalConvBase,Small,None,None,None,0.00,100.00,100.00,100.00,0,0,0,L0
1635,0,CRNN,MalConvPlus,Small,None,None,None,0.00,99.19,99.67,99.19,0,0,0,L0
1637,0,CRNN,MalConvBase,Small,None,None,None,0.00,100.00,100.00,100.00,0,0,0,L0
1638,0,CRNN,MalConvPlus,Small,None,None,None,0.00,99.84,99.68,99.84,0,0,0,L0
1640,1,CRNN,MalConvBase,Small,constant,shared,targeted,100.00,100.00,100.00,50.00,1,2,1,L1
1641,1,CRNN,MalConvPlus,Small,constant,shared,targeted,100.00,99.68,100.00,50.00,1,2,1,L1
1642,1,CRNN,RCNN,Small,constant,shared,targeted,100.00,94.50,95.08,47.57,1,2,1,L1
1644,1,CRNN,MalConvBase,Small,operator,separated,stochastic-untargeted,53.40,100.00,100.00,74.27,2,1,2,L3
1645,1,CRNN,MalConvPlus,Small,operator,separated,stochastic-untargeted,52.10,98.54,98.39,71.52,2,1,2,L3
1646,1,CRNN,RCNN,Small,operator,separated,stochastic-untargeted,51.78,89.81,88.44,67.15,2,1,2,L3
1648,1,CRNN,MalConvBase,Small,operator,separated,stochastic-untargeted,42.07,100.00,100.00,77.18,2,1,2,L3
1649,1,CRNN,MalConvPlus,Small,operator,separated,stochastic-untargeted,49.84,99.51,99.68,74.60,2,1,2,L3
1651,1,CRNN,MalConvBase,Small,operator,separated,stochastic-untargeted,55.99,100.00,100.00,75.89,2,1,2,L3
1652,1,CRNN,MalConvPlus,Small,operator,separated,stochastic-untargeted,47.25,99.03,98.71,75.24,2,1,2,L3
1653,1,CRNN,RCNN,Small,operator,separated,stochastic-untargeted,45.31,89.81,88.44,64.56,2,1,2,L3
1655,1,CRNN,MalConvBase,Small,operator,separated,stochastic-untargeted,52.10,100.00,100.00,78.80,2,1,2,L3
1656,1,CRNN,MalConvPlus,Small,operator,separated,stochastic-untargeted,48.54,99.51,99.04,74.43,2,1,2,L3
1657,1,CRNN,RCNN,Small,operator,separated,stochastic-untargeted,50.49,89.81,88.44,70.71,2,1,2,L3
1659,1,CRNN,MalConvBase,Small,operator,separated,stochastic-untargeted,49.19,100.00,100.00,73.95,2,1,2,L3
1660,1,CRNN,MalConvPlus,Small,operator,separated,stochastic-untargeted,49.19,99.51,99.04,75.08,2,1,2,L3
1662,1,CRNN,MalConvBase,Small,operator,separated,stochastic-untargeted,42.39,100.00,100.00,76.05,2,1,2,L3
1663,1,CRNN,MalConvPlus,Small,operator,separated,stochastic-untargeted,43.69,99.84,100.00,76.86,2,1,2,L3
1664,1,CRNN,RCNN,Small,operator,separated,stochastic-untargeted,52.10,89.81,88.44,67.80,2,1,2,L3
1666,1,CRNN,MalConvBase,Small,operator,separated,stochastic-untargeted,46.60,100.00,100.00,75.08,2,1,2,L3
1667,1,CRNN,MalConvPlus,Small,operator,separated,stochastic-untargeted,49.19,99.68,100.00,73.30,2,1,2,L3
1668,1,CRNN,RCNN,Small,operator,separated,stochastic-untargeted,56.63,89.81,88.44,66.83,2,1,2,L3
1670,1,CRNN,MalConvBase,Small,operator,separated,stochastic-untargeted,47.57,100.00,100.00,75.89,2,1,2,L3
1671,1,CRNN,MalConvPlus,Small,operator,separated,stochastic-untargeted,52.43,99.68,100.00,73.14,2,1,2,L3
1672,1,CRNN,RCNN,Small,operator,separated,stochastic-untargeted,46.28,89.81,88.44,67.80,2,1,2,L3
1674,1,CRNN,MalConvBase,Small,constant,separated,stochastic-untargeted,44.01,100.00,100.00,75.89,1,1,1,L2
1675,1,CRNN,MalConvPlus,Small,constant,separated,stochastic-untargeted,53.07,99.68,100.00,72.65,1,1,1,L2
1676,1,CRNN,RCNN,Small,constant,separated,stochastic-untargeted,57.61,89.81,88.44,69.58,1,1,1,L2
1678,1,CRNN,MalConvBase,Small,constant,separated,stochastic-untargeted,49.84,100.00,100.00,74.27,1,1,2,L2
1679,1,CRNN,MalConvPlus,Small,constant,separated,stochastic-untargeted,51.13,99.84,100.00,73.62,1,1,2,L2
1680,1,CRNN,RCNN,Small,constant,separated,stochastic-untargeted,47.90,93.37,93.51,72.33,1,1,2,L2
1682,1,CRNN,MalConvBase,Small,operator,separated,stochastic-untargeted,47.90,100.00,100.00,75.57,2,1,2,L3
1683,1,CRNN,MalConvPlus,Small,operator,separated,stochastic-untargeted,46.93,100.00,100.00,75.89,2,1,2,L3
1684,1,CRNN,RCNN,Small,operator,separated,stochastic-untargeted,51.46,89.81,88.44,70.55,2,1,2,L3
1686,1,CRNN,MalConvBase,Small,operator,separated,stochastic-untargeted,51.46,100.00,100.00,77.99,2,1,2,L3
1687,1,CRNN,MalConvPlus,Small,operator,separated,stochastic-untargeted,50.16,100.00,100.00,73.46,2,1,2,L3
1688,1,CRNN,RCNN,Small,operator,separated,stochastic-untargeted,56.31,89.81,88.44,69.58,2,1,2,L3
1690,1,CRNN,MalConvBase,Small,operator,separated,stochastic-untargeted,36.25,100.00,100.00,79.29,2,1,2,L3
1691,1,CRNN,MalConvPlus,Small,operator,separated,stochastic-untargeted,41.75,99.68,100.00,78.32,2,1,2,L3
1692,1,CRNN,RCNN,Small,operator,separated,stochastic-untargeted,40.45,100.00,100.00,82.04,2,1,2,L3
1694,1,CRNN,MalConvBase,Small,operator,separated,stochastic-untargeted,53.07,100.00,100.00,74.60,2,1,2,L3
1695,1,CRNN,MalConvPlus,Small,operator,separated,stochastic-untargeted,48.22,99.84,100.00,73.62,2,1,2,L3
1696,1,CRNN,RCNN,Small,operator,separated,stochastic-untargeted,49.19,89.81,88.44,69.58,2,1,2,L3
1697,1,CRNN,MalConvBase,Small,operator,separated,stochastic-untargeted,50.49,99.51,100.00,74.76,2,1,2,L3
1698,1,CRNN,MalConvPlus,Small,operator,separated,stochastic-untargeted,50.49,100.00,100.00,73.30,2,1,2,L3
1699,1,CRNN,RCNN,Small,operator,separated,stochastic-untargeted,51.78,94.34,94.19,71.36,2,1,2,L3
1701,0,CRNN,MalConvBase,Small,None,None,None,0.00,100.00,100.00,100.00,0,0,0,L0
1702,0,CRNN,MalConvPlus,Small,None,None,None,0.00,100.00,100.00,100.00,0,0,0,L0
1703,0,CRNN,RCNN,Small,None,None,None,0.00,90.45,91.39,90.45,0,0,0,L0
1705,1,CRNN,MalConvBase,Small,operator,separated,stochastic-untargeted,54.69,100.00,100.00,76.54,2,1,2,L3
1706,1,CRNN,MalConvPlus,Small,operator,separated,stochastic-untargeted,49.84,100.00,100.00,75.24,2,1,2,L3
1708,0,CRNN,MalConvBase,Small,None,None,None,0.00,100.00,100.00,100.00,0,0,0,L0
1709,0,CRNN,MalConvPlus,Small,None,None,None,0.00,99.84,100.00,99.84,0,0,0,L0
1710,0,CRNN,RCNN,Small,None,None,None,0.00,91.75,93.88,91.75,0,0,0,L0
1712,0,CRNN,MalConvBase,Small,None,None,None,0.00,100.00,100.00,100.00,0,0,0,L0
1713,0,CRNN,MalConvPlus,Small,None,None,None,0.00,99.84,100.00,99.84,0,0,0,L0
1714,0,CRNN,RCNN,Small,None,None,None,0.00,92.72,95.52,92.72,0,0,0,L0
1716,1,CRNN,MalConvBase,Small,operator,interleaved,targeted,100.00,100.00,100.00,50.00,2,3,1,L1
1717,1,CRNN,MalConvPlus,Small,operator,interleaved,targeted,100.00,100.00,100.00,50.00,2,3,1,L1
1718,1,CRNN,RCNN,Small,operator,interleaved,targeted,100.00,94.50,95.08,47.57,2,3,1,L1
1720,1,CRNN,MalConvBase,Small,operator,separated,targeted,100.00,100.00,100.00,50.00,2,1,1,L2
1721,1,CRNN,MalConvPlus,Small,operator,separated,targeted,100.00,100.00,100.00,50.00,2,1,1,L2
1722,1,CRNN,RCNN,Small,operator,separated,targeted,100.00,94.50,95.08,47.57,2,1,1,L2
1724,0,CRNN,MalConvBase,Small,None,None,None,0.00,100.00,100.00,100.00,0,0,0,L0
1725,0,CRNN,MalConvPlus,Small,None,None,None,0.00,100.00,100.00,100.00,0,0,0,L0
1726,0,CRNN,RCNN,Small,None,None,None,0.00,100.00,100.00,100.00,0,0,0,L0
1728,1,CRNN,MalConvBase,Small,constant,separated,targeted,100.00,100.00,100.00,50.00,1,1,1,L2
1729,1,CRNN,MalConvPlus,Small,constant,separated,targeted,100.00,99.84,100.00,50.00,1,1,1,L2
1730,1,CRNN,RCNN,Small,constant,separated,targeted,100.00,94.50,95.08,47.57,1,1,1,L2
1732,1,CRNN,MalConvBase,Small,constant,shared,targeted,100.00,100.00,100.00,50.00,1,2,1,L1
1733,1,CRNN,MalConvPlus,Small,constant,shared,targeted,100.00,99.84,99.68,49.84,1,2,1,L1
1734,1,CRNN,RCNN,Small,constant,shared,targeted,100.00,89.81,88.44,44.01,1,2,1,L1
1736,1,CRNN,MalConvBase,Small,constant,shared,stochastic-untargeted,49.19,100.00,100.00,75.40,1,2,2,L2
1737,1,CRNN,MalConvPlus,Small,constant,shared,stochastic-untargeted,45.95,99.68,99.68,75.89,1,2,2,L2
1739,1,CRNN,MalConvBase,Small,constant,shared,targeted,100.00,100.00,100.00,50.00,1,2,1,L1
1740,1,CRNN,MalConvPlus,Small,constant,shared,targeted,100.00,99.84,100.00,50.00,1,2,1,L1
1741,1,CRNN,RCNN,Small,constant,shared,targeted,100.00,94.50,95.08,47.57,1,2,1,L1
1743,1,CRNN,MalConvBase,Small,constant,shared,targeted,100.00,100.00,100.00,50.00,1,2,1,L1
1744,1,CRNN,MalConvPlus,Small,constant,shared,targeted,100.00,99.84,100.00,50.00,1,2,1,L1
1745,1,CRNN,RCNN,Small,constant,shared,targeted,100.00,94.50,95.08,47.57,1,2,1,L1
1747,1,CRNN,MalConvBase,Small,operator,separated,stochastic-untargeted,100.00,100.00,100.00,50.00,2,1,1,L2
1748,1,CRNN,MalConvPlus,Small,operator,separated,stochastic-untargeted,100.00,99.84,100.00,50.00,2,1,1,L2
1749,1,CRNN,RCNN,Small,operator,separated,stochastic-untargeted,100.00,94.50,95.08,47.57,2,1,1,L2
1751,0,CRNN,MalConvBase,Small,None,None,None,0.00,100.00,100.00,100.00,0,0,0,L0
1752,0,CRNN,MalConvPlus,Small,None,None,None,0.00,99.19,99.67,99.19,0,0,0,L0
1754,0,CRNN,MalConvBase,Small,None,None,None,0.00,100.00,100.00,100.00,0,0,0,L0
1755,0,CRNN,MalConvPlus,Small,None,None,None,0.00,99.68,100.00,99.68,0,0,0,L0
1756,0,CRNN,RCNN,Small,None,None,None,0.00,97.41,96.81,97.41,0,0,0,L0
1757,1,CRNN,MalConvBase,Small,constant,separated,stochastic-untargeted,47.90,100.00,100.00,77.35,1,1,2,L2
1758,1,CRNN,MalConvPlus,Small,constant,separated,stochastic-untargeted,43.37,99.84,100.00,74.76,1,1,2,L2
1759,1,CRNN,RCNN,Small,constant,separated,stochastic-untargeted,53.72,91.75,94.18,70.71,1,1,2,L2
1760,1,CRNN,MalConvBase,Small,constant,interleaved,targeted,100.00,100.00,100.00,50.00,1,3,1,L1
1761,1,CRNN,MalConvPlus,Small,constant,interleaved,targeted,100.00,100.00,100.00,50.00,1,3,1,L1
1762,1,CRNN,RCNN,Small,constant,interleaved,targeted,100.00,99.68,100.00,50.00,1,3,1,L1
1764,1,CRNN,MalConvBase,Small,operator,shared,targeted,100.00,100.00,100.00,50.00,2,2,1,L1
1765,1,CRNN,MalConvPlus,Small,operator,shared,targeted,100.00,99.84,99.68,49.84,2,2,1,L1
1766,1,CRNN,RCNN,Small,operator,shared,targeted,100.00,94.50,95.08,47.57,2,2,1,L1
1768,0,CRNN,MalConvBase,Small,None,None,None,0.00,100.00,100.00,100.00,0,0,0,L0
1769,0,CRNN,MalConvPlus,Small,None,None,None,0.00,99.84,100.00,99.84,0,0,0,L0
1770,0,CRNN,RCNN,Small,None,None,None,0.00,90.61,92.26,90.61,0,0,0,L0
1772,1,CRNN,MalConvBase,Small,operator,separated,stochastic-untargeted,49.51,100.00,100.00,74.76,2,1,2,L3
1773,1,CRNN,MalConvPlus,Small,operator,separated,stochastic-untargeted,51.46,99.84,100.00,74.92,2,1,2,L3
1775,1,CRNN,MalConvBase,Small,constant,interleaved,targeted,100.00,100.00,100.00,50.00,1,3,1,L1
1776,1,CRNN,MalConvPlus,Small,constant,interleaved,targeted,100.00,99.84,100.00,50.00,1,3,1,L1
1777,1,CRNN,RCNN,Small,constant,interleaved,targeted,100.00,92.56,95.50,47.90,1,3,1,L1
1779,0,CRNN,MalConvBase,Small,None,None,None,0.00,100.00,100.00,100.00,0,0,0,L0
1780,0,CRNN,MalConvPlus,Small,None,None,None,0.00,100.00,100.00,100.00,0,0,0,L0
1782,0,CRNN,MalConvBase,Small,None,None,None,0.00,100.00,100.00,100.00,0,0,0,L0
1783,0,CRNN,MalConvPlus,Small,None,None,None,0.00,100.00,100.00,100.00,0,0,0,L0
1784,0,CRNN,RCNN,Small,None,None,None,0.00,99.19,98.72,99.19,0,0,0,L0
1786,1,CRNN,MalConvBase,Small,constant,shared,targeted,100.00,100.00,100.00,50.00,1,2,1,L1
1787,1,CRNN,MalConvPlus,Small,constant,shared,targeted,100.00,100.00,100.00,50.00,1,2,1,L1
1788,1,CRNN,RCNN,Small,constant,shared,targeted,100.00,91.75,92.72,46.44,1,2,1,L1
1790,0,CRNN,MalConvBase,Small,None,None,None,0.00,100.00,100.00,100.00,0,0,0,L0
1791,0,CRNN,MalConvPlus,Small,None,None,None,0.00,100.00,100.00,100.00,0,0,0,L0
1792,0,CRNN,RCNN,Small,None,None,None,0.00,95.15,96.97,95.15,0,0,0,L0
1794,1,CRNN,MalConvBase,Small,constant,separated,stochastic-untargeted,56.31,100.00,100.00,74.27,1,1,2,L2
1795,1,CRNN,MalConvPlus,Small,constant,separated,stochastic-untargeted,51.46,100.00,100.00,75.40,1,1,2,L2
1796,0,CRNN,MalConvBase,Small,None,None,None,0.00,100.00,100.00,100.00,0,0,0,L0
1797,0,CRNN,MalConvPlus,Small,None,None,None,0.00,99.84,100.00,99.84,0,0,0,L0
1798,0,CRNN,RCNN,Small,None,None,None,0.00,90.61,93.73,90.61,0,0,0,L0
1800,0,CRNN,MalConvBase,Small,None,None,None,0.00,100.00,100.00,100.00,0,0,0,L0
1801,0,CRNN,MalConvPlus,Small,None,None,None,0.00,100.00,100.00,100.00,0,0,0,L0
1803,0,CRNN,MalConvBase,Small,None,None,None,0.00,100.00,100.00,100.00,0,0,0,L0
1804,0,CRNN,MalConvPlus,Small,None,None,None,0.00,100.00,100.00,100.00,0,0,0,L0
1805,0,CRNN,RCNN,Small,None,None,None,0.00,90.45,89.56,90.45,0,0,0,L0
1807,0,CRNN,MalConvBase,Small,None,None,None,0.00,100.00,100.00,100.00,0,0,0,L0
1808,0,CRNN,MalConvPlus,Small,None,None,None,0.00,100.00,100.00,100.00,0,0,0,L0
1810,1,CRNN,MalConvBase,Small,constant,separated,targeted,45.95,100.00,100.00,72.65,1,1,2,L2
1811,1,CRNN,MalConvPlus,Small,constant,separated,targeted,49.19,99.68,99.68,73.46,1,1,2,L2
1813,0,CRNN,MalConvBase,Small,None,None,None,0.00,100.00,100.00,100.00,0,0,0,L0
1814,0,CRNN,MalConvPlus,Small,None,None,None,0.00,99.68,100.00,99.68,0,0,0,L0
1815,0,CRNN,RCNN,Small,None,None,None,0.00,94.17,95.05,94.17,0,0,0,L0
1817,1,CRNN,MalConvBase,Small,operator,interleaved,targeted,100.00,100.00,100.00,50.00,2,3,1,L1
1818,1,CRNN,MalConvPlus,Small,operator,interleaved,targeted,100.00,99.84,99.68,49.84,2,3,1,L1
1819,1,CRNN,RCNN,Small,operator,interleaved,targeted,100.00,94.50,95.08,47.57,2,3,1,L1
1821,1,CRNN,MalConvBase,Small,operator,separated,targeted,100.00,100.00,100.00,50.00,2,1,1,L2
1822,1,CRNN,MalConvPlus,Small,operator,separated,targeted,100.00,99.84,99.68,49.84,2,1,1,L2
1823,1,CRNN,RCNN,Small,operator,separated,targeted,100.00,94.50,95.08,47.57,2,1,1,L2
1825,0,CRNN,MalConvBase,Small,None,None,None,0.00,100.00,100.00,100.00,0,0,0,L0
1826,0,CRNN,MalConvPlus,Small,None,None,None,0.00,99.19,98.41,99.19,0,0,0,L0
1827,0,CRNN,RCNN,Small,None,None,None,0.00,99.03,98.40,99.03,0,0,0,L0
1829,1,CRNN,MalConvBase,Small,constant,separated,targeted,100.00,100.00,100.00,50.00,1,1,1,L2
1830,1,CRNN,MalConvPlus,Small,constant,separated,targeted,100.00,100.00,100.00,50.00,1,1,1,L2
1831,1,CRNN,RCNN,Small,constant,separated,targeted,100.00,94.50,95.08,47.57,1,1,1,L2
1833,1,CRNN,MalConvBase,Small,operator,shared,targeted,100.00,100.00,100.00,50.00,2,2,1,L1
1834,1,CRNN,MalConvPlus,Small,operator,shared,targeted,100.00,99.51,99.68,49.84,2,2,1,L1
1835,1,CRNN,RCNN,Small,operator,shared,targeted,100.00,99.84,99.68,49.84,2,2,1,L1
1837,0,CRNN,MalConvBase,Small,None,None,None,0.00,100.00,100.00,100.00,0,0,0,L0
1838,0,CRNN,MalConvPlus,Small,None,None,None,0.00,99.84,100.00,99.84,0,0,0,L0
1839,0,CRNN,RCNN,Small,None,None,None,0.00,89.81,93.31,89.81,0,0,0,L0
1841,1,CRNN,MalConvBase,Small,constant,separated,targeted,100.00,100.00,100.00,50.00,1,1,1,L2
1842,1,CRNN,MalConvPlus,Small,constant,separated,targeted,100.00,100.00,100.00,50.00,1,1,1,L2
1843,1,CRNN,RCNN,Small,constant,separated,targeted,100.00,89.81,90.20,45.15,1,1,1,L2
1845,1,CRNN,MalConvBase,Small,operator,separated,stochastic-untargeted,48.22,100.00,100.00,73.30,2,1,2,L3
1846,1,CRNN,MalConvPlus,Small,operator,separated,stochastic-untargeted,54.37,100.00,100.00,74.27,2,1,2,L3
1847,1,CRNN,RCNN,Small,operator,separated,stochastic-untargeted,48.22,89.81,88.44,69.74,2,1,2,L3
1849,1,CRNN,MalConvBase,Small,operator,interleaved,stochastic-untargeted,50.81,100.00,100.00,73.95,2,3,2,L1
1850,1,CRNN,MalConvPlus,Small,operator,interleaved,stochastic-untargeted,53.07,100.00,100.00,72.33,2,3,2,L1
1851,1,CRNN,RCNN,Small,operator,interleaved,stochastic-untargeted,52.10,92.88,93.16,68.28,2,3,2,L1
1853,0,CRNN,MalConvBase,Small,None,None,None,0.00,100.00,100.00,100.00,0,0,0,L0
1854,0,CRNN,MalConvPlus,Small,None,None,None,0.00,100.00,100.00,100.00,0,0,0,L0
1855,0,CRNN,MalConvBase,Small,None,None,None,0.00,100.00,100.00,100.00,0,0,0,L0
1856,0,CRNN,MalConvPlus,Small,None,None,None,0.00,100.00,100.00,100.00,0,0,0,L0
1857,0,CRNN,RCNN,Small,None,None,None,0.00,98.87,98.09,98.87,0,0,0,L0
1859,0,CRNN,MalConvBase,Small,None,None,None,0.00,100.00,100.00,100.00,0,0,0,L0
1860,0,CRNN,MalConvPlus,Small,None,None,None,0.00,100.00,100.00,100.00,0,0,0,L0
1861,0,CRNN,RCNN,Small,None,None,None,0.00,93.04,93.75,93.04,0,0,0,L0
1863,1,CRNN,MalConvBase,Small,constant,separated,stochastic-untargeted,100.00,100.00,100.00,50.00,1,1,1,L2
1864,1,CRNN,MalConvPlus,Small,constant,separated,stochastic-untargeted,100.00,100.00,100.00,50.00,1,1,1,L2
1865,1,CRNN,RCNN,Small,constant,separated,stochastic-untargeted,100.00,94.50,95.08,47.57,1,1,1,L2
1867,0,CRNN,MalConvBase,Small,None,None,None,0.00,100.00,100.00,100.00,0,0,0,L0
1868,0,CRNN,MalConvPlus,Small,None,None,None,0.00,99.68,99.68,99.68,0,0,0,L0
1869,0,CRNN,RCNN,Small,None,None,None,0.00,97.41,97.41,97.41,0,0,0,L0
1871,1,CRNN,MalConvBase,Small,operator,interleaved,targeted,100.00,99.68,99.68,49.84,2,3,1,L1
1872,1,CRNN,MalConvPlus,Small,operator,interleaved,targeted,100.00,100.00,100.00,50.00,2,3,1,L1
1873,1,CRNN,RCNN,Small,operator,interleaved,targeted,100.00,99.68,99.68,49.84,2,3,1,L1
1875,1,CRNN,MalConvBase,Small,operator,separated,stochastic-untargeted,49.19,100.00,100.00,72.82,2,1,2,L3
1876,1,CRNN,MalConvPlus,Small,operator,separated,stochastic-untargeted,44.66,99.35,99.35,73.46,2,1,2,L3
1877,1,CRNN,RCNN,Small,operator,separated,stochastic-untargeted,50.16,89.81,88.44,68.28,2,1,2,L3
1879,1,CRNN,MalConvBase,Small,operator,separated,stochastic-untargeted,44.98,100.00,100.00,77.35,2,1,2,L3
1880,1,CRNN,MalConvPlus,Small,operator,separated,stochastic-untargeted,47.57,99.19,99.67,72.49,2,1,2,L3
1881,1,CRNN,RCNN,Small,operator,separated,stochastic-untargeted,44.66,100.00,100.00,79.61,2,1,2,L3
1883,1,CRNN,MalConvBase,Small,constant,separated,stochastic-untargeted,47.57,100.00,100.00,79.61,1,1,2,L2
1884,1,CRNN,MalConvPlus,Small,constant,separated,stochastic-untargeted,42.72,99.84,100.00,78.64,1,1,2,L2
1885,1,CRNN,RCNN,Small,constant,separated,stochastic-untargeted,54.05,91.75,94.18,69.74,1,1,2,L2
1887,1,CRNN,MalConvBase,Small,constant,separated,stochastic-untargeted,50.49,100.00,100.00,74.92,1,1,2,L2
1888,1,CRNN,MalConvPlus,Small,constant,separated,stochastic-untargeted,48.54,99.19,99.03,74.43,1,1,2,L2
1889,1,CRNN,RCNN,Small,constant,separated,stochastic-untargeted,55.34,89.81,88.44,68.28,1,1,2,L2
1891,1,CRNN,MalConvBase,Small,operator,separated,stochastic-untargeted,48.87,100.00,100.00,77.02,2,1,2,L3
1892,1,CRNN,MalConvPlus,Small,operator,separated,stochastic-untargeted,46.93,99.51,99.04,76.54,2,1,2,L3
1893,1,CRNN,RCNN,Small,operator,separated,stochastic-untargeted,53.07,98.71,98.71,73.30,2,1,2,L3
1895,1,CRNN,MalConvBase,Small,operator,separated,stochastic-untargeted,50.49,100.00,100.00,74.92,2,1,2,L3
1896,1,CRNN,MalConvPlus,Small,operator,separated,stochastic-untargeted,51.78,99.68,100.00,75.40,2,1,2,L3
1897,1,CRNN,RCNN,Small,operator,separated,stochastic-untargeted,45.95,89.81,88.44,68.61,2,1,2,L3
1899,1,CRNN,RCNN,Small,operator,separated,stochastic-untargeted,42.39,91.26,92.93,75.40,2,1,2,L3
1901,1,CRNN,MalConvBase,Small,constant,separated,stochastic-untargeted,43.69,100.00,100.00,77.99,1,1,2,L2
1902,1,CRNN,MalConvPlus,Small,constant,separated,stochastic-untargeted,50.81,99.68,100.00,76.86,1,1,2,L2
1903,1,CRNN,RCNN,Small,constant,separated,stochastic-untargeted,55.66,89.81,88.44,71.68,1,1,2,L2
1904,1,CRNN,MalConvBase,Small,operator,separated,stochastic-untargeted,48.54,100.00,100.00,76.21,2,1,2,L3
1905,1,CRNN,MalConvPlus,Small,operator,separated,stochastic-untargeted,45.95,99.68,100.00,74.11,2,1,2,L3
1906,1,CRNN,RCNN,Small,operator,separated,stochastic-untargeted,57.61,89.81,88.44,69.09,2,1,2,L3
1908,0,CRNN,MalConvBase,Small,None,None,None,0.00,100.00,100.00,100.00,0,0,0,L0
1909,0,CRNN,MalConvPlus,Small,None,None,None,0.00,100.00,100.00,100.00,0,0,0,L0
1910,0,CRNN,RCNN,Small,None,None,None,0.00,98.06,98.06,98.06,0,0,0,L0
1912,0,CRNN,MalConvBase,Small,None,None,None,0.00,100.00,100.00,100.00,0,0,0,L0
1913,0,CRNN,MalConvPlus,Small,None,None,None,0.00,98.87,99.03,98.87,0,0,0,L0
1915,0,CRNN,MalConvBase,Small,None,None,None,0.00,100.00,100.00,100.00,0,0,0,L0
1916,0,CRNN,MalConvPlus,Small,None,None,None,0.00,100.00,100.00,100.00,0,0,0,L0
1917,0,CRNN,RCNN,Small,None,None,None,0.00,100.00,100.00,100.00,0,0,0,L0
1919,1,CRNN,MalConvBase,Small,operator,separated,targeted,100.00,99.84,100.00,50.00,2,1,1,L2
1920,1,CRNN,MalConvPlus,Small,operator,separated,targeted,100.00,99.68,99.68,49.84,2,1,1,L2
1921,1,CRNN,RCNN,Small,operator,separated,targeted,100.00,89.81,88.44,44.01,2,1,1,L2
1922,1,CRNN,MalConvBase,Small,constant,interleaved,targeted,100.00,100.00,100.00,50.00,1,3,1,L1
1923,1,CRNN,MalConvPlus,Small,constant,interleaved,targeted,100.00,100.00,100.00,50.00,1,3,1,L1
1924,1,CRNN,RCNN,Small,constant,interleaved,targeted,100.00,94.50,95.08,47.57,1,3,1,L1
1926,1,CRNN,MalConvBase,Small,constant,interleaved,targeted,100.00,100.00,100.00,50.00,1,3,1,L1
1927,1,CRNN,MalConvPlus,Small,constant,interleaved,targeted,100.00,100.00,100.00,50.00,1,3,1,L1
1928,1,CRNN,RCNN,Small,constant,interleaved,targeted,100.00,93.37,94.37,47.25,1,3,1,L1
1930,1,CRNN,MalConvBase,Small,constant,shared,targeted,100.00,100.00,100.00,50.00,1,2,1,L1
1931,1,CRNN,MalConvPlus,Small,constant,shared,targeted,100.00,99.68,99.36,49.68,1,2,1,L1
1932,1,CRNN,RCNN,Small,constant,shared,targeted,100.00,94.50,95.08,47.57,1,2,1,L1
1934,0,CRNN,MalConvBase,Small,None,None,None,0.00,100.00,100.00,100.00,0,0,0,L0
1935,0,CRNN,MalConvPlus,Small,None,None,None,0.00,99.68,99.36,99.68,0,0,0,L0
1936,1,CRNN,MalConvBase,Small,operator,interleaved,stochastic-untargeted,47.57,100.00,100.00,75.89,2,3,2,L1
1937,1,CRNN,MalConvPlus,Small,operator,interleaved,stochastic-untargeted,51.78,100.00,100.00,74.92,2,3,2,L1
1938,1,CRNN,RCNN,Small,operator,interleaved,stochastic-untargeted,54.37,91.42,90.00,67.96,2,3,2,L1
1940,1,CRNN,MalConvBase,Small,operator,separated,stochastic-untargeted,48.87,100.00,100.00,76.70,2,1,2,L3
1941,1,CRNN,MalConvPlus,Small,operator,separated,stochastic-untargeted,51.13,99.68,100.00,72.82,2,1,2,L3
1943,1,CRNN,MalConvBase,Small,operator,separated,stochastic-untargeted,50.81,100.00,100.00,74.27,2,1,2,L3
1944,1,CRNN,MalConvPlus,Small,operator,separated,stochastic-untargeted,47.25,100.00,100.00,76.21,2,1,2,L3
1945,1,CRNN,RCNN,Small,operator,separated,stochastic-untargeted,52.75,94.17,95.65,72.49,2,1,2,L3
1947,0,CRNN,MalConvBase,Small,None,None,None,0.00,100.00,100.00,100.00,0,0,0,L0
1948,0,CRNN,MalConvPlus,Small,None,None,None,0.00,100.00,100.00,100.00,0,0,0,L0
1950,1,CRNN,MalConvBase,Small,operator,interleaved,targeted,100.00,100.00,100.00,50.00,2,3,1,L1
1951,1,CRNN,MalConvPlus,Small,operator,interleaved,targeted,100.00,100.00,100.00,50.00,2,3,1,L1
1952,1,CRNN,RCNN,Small,operator,interleaved,targeted,100.00,94.50,95.08,47.57,2,3,1,L1
1954,1,CRNN,MalConvBase,Small,constant,interleaved,targeted,100.00,100.00,100.00,50.00,1,3,1,L1
1955,1,CRNN,MalConvPlus,Small,constant,interleaved,targeted,100.00,99.84,100.00,50.00,1,3,1,L1
1956,1,CRNN,RCNN,Small,constant,interleaved,targeted,100.00,94.50,95.08,47.57,1,3,1,L1
1958,1,CRNN,MalConvBase,Small,constant,shared,targeted,100.00,100.00,100.00,50.00,1,2,1,L1
1959,1,CRNN,MalConvPlus,Small,constant,shared,targeted,100.00,100.00,100.00,50.00,1,2,1,L1
1960,1,CRNN,RCNN,Small,constant,shared,targeted,100.00,94.50,95.08,47.57,1,2,1,L1
1962,1,CRNN,MalConvBase,Small,constant,separated,targeted,100.00,100.00,100.00,50.00,1,1,1,L2
1963,1,CRNN,MalConvPlus,Small,constant,separated,targeted,100.00,99.68,100.00,50.00,1,1,1,L2
1964,1,CRNN,RCNN,Small,constant,separated,targeted,100.00,89.81,88.44,44.01,1,1,1,L2
1966,1,CRNN,MalConvBase,Small,constant,separated,targeted,100.00,100.00,100.00,50.00,1,1,1,L2
1967,1,CRNN,MalConvPlus,Small,constant,separated,targeted,100.00,99.84,99.68,49.84,1,1,1,L2
1968,1,CRNN,RCNN,Small,constant,separated,targeted,100.00,94.50,95.08,47.57,1,1,1,L2
1970,1,CRNN,MalConvBase,Small,operator,shared,targeted,100.00,100.00,100.00,50.00,2,2,1,L1
1971,1,CRNN,MalConvPlus,Small,operator,shared,targeted,100.00,100.00,100.00,50.00,2,2,1,L1
1972,1,CRNN,RCNN,Small,operator,shared,targeted,100.00,90.78,91.45,45.79,2,2,1,L1
1974,0,CRNN,MalConvBase,Small,None,None,None,0.00,100.00,100.00,100.00,0,0,0,L0
1975,0,CRNN,MalConvPlus,Small,None,None,None,0.00,99.84,100.00,99.84,0,0,0,L0
1976,0,CRNN,RCNN,Small,None,None,None,0.00,89.81,91.00,89.81,0,0,0,L0
1978,1,CRNN,MalConvBase,Small,constant,shared,stochastic-untargeted,72.82,100.00,100.00,64.89,1,2,2,L2
1979,1,CRNN,MalConvPlus,Small,constant,shared,stochastic-untargeted,46.28,100.00,100.00,75.40,1,2,2,L2
1980,1,CRNN,RCNN,Small,constant,shared,stochastic-untargeted,63.43,93.85,96.25,66.99,1,2,2,L2
1982,1,CRNN,MalConvBase,Small,constant,interleaved,stochastic-untargeted,51.46,100.00,100.00,74.27,1,3,2,L1
1983,1,CRNN,MalConvPlus,Small,constant,interleaved,stochastic-untargeted,51.13,100.00,100.00,77.67,1,3,2,L1
1984,1,CRNN,RCNN,Small,constant,interleaved,stochastic-untargeted,50.16,94.98,94.55,71.36,1,3,2,L1
1986,0,CRNN,MalConvBase,Small,None,None,None,0.00,100.00,100.00,100.00,0,0,0,L0
1987,0,CRNN,MalConvPlus,Small,None,None,None,0.00,99.35,99.35,99.35,0,0,0,L0
1988,0,CRNN,RCNN,Small,None,None,None,0.00,89.64,90.43,89.64,0,0,0,L0
1990,1,CRNN,MalConvBase,Small,operator,separated,stochastic-untargeted,54.05,100.00,100.00,72.98,2,1,2,L3
1991,1,CRNN,MalConvPlus,Small,operator,separated,stochastic-untargeted,51.46,100.00,100.00,75.73,2,1,2,L3
1992,0,CRNN,MalConvBase,Small,None,None,None,0.00,99.84,100.00,99.84,0,0,0,L0
1993,0,CRNN,MalConvPlus,Small,None,None,None,0.00,99.84,100.00,99.84,0,0,0,L0
1994,0,CRNN,RCNN,Small,None,None,None,0.00,96.60,95.57,96.60,0,0,0,L0
1996,1,CRNN,MalConvBase,Small,constant,separated,targeted,100.00,100.00,100.00,50.00,1,1,1,L2
1997,1,CRNN,MalConvPlus,Small,constant,separated,targeted,100.00,99.68,100.00,50.00,1,1,1,L2
1998,1,CRNN,RCNN,Small,constant,separated,targeted,100.00,94.50,95.08,47.57,1,1,1,L2
2000,0,CRNN,MalConvBase,Small,None,None,None,0.00,100.00,100.00,100.00,0,0,0,L0
2001,0,CRNN,MalConvPlus,Small,None,None,None,0.00,100.00,100.00,100.00,0,0,0,L0
2002,0,CRNN,RCNN,Small,None,None,None,0.00,93.20,93.20,93.20,0,0,0,L0
2004,1,CRNN,MalConvBase,Small,operator,separated,targeted,100.00,100.00,100.00,50.00,2,1,1,L2
2005,1,CRNN,MalConvPlus,Small,operator,separated,targeted,100.00,99.84,100.00,50.00,2,1,1,L2
2006,1,CRNN,RCNN,Small,operator,separated,targeted,100.00,89.81,88.44,44.01,2,1,1,L2
2008,1,CRNN,MalConvBase,Small,constant,interleaved,targeted,100.00,100.00,100.00,50.00,1,3,1,L1
2009,1,CRNN,MalConvPlus,Small,constant,interleaved,targeted,100.00,99.35,99.04,49.51,1,3,1,L1
2010,1,CRNN,RCNN,Small,constant,interleaved,targeted,100.00,97.41,98.67,49.35,1,3,1,L1
2011,1,CRNN,MalConvBase,Small,constant,shared,targeted,100.00,100.00,100.00,50.00,1,2,1,L1
2012,1,CRNN,MalConvPlus,Small,constant,shared,targeted,100.00,100.00,100.00,50.00,1,2,1,L1
2013,1,CRNN,RCNN,Small,constant,shared,targeted,100.00,94.50,95.08,47.57,1,2,1,L1
2015,0,CRNN,MalConvBase,Small,None,None,None,0.00,100.00,100.00,100.00,0,0,0,L0
2016,0,CRNN,MalConvPlus,Small,None,None,None,0.00,99.84,100.00,99.84,0,0,0,L0
2018,0,CRNN,MalConvBase,Small,None,None,None,0.00,100.00,100.00,100.00,0,0,0,L0
2019,0,CRNN,MalConvPlus,Small,None,None,None,0.00,99.68,100.00,99.68,0,0,0,L0
2020,0,CRNN,RCNN,Small,None,None,None,0.00,98.71,98.39,98.71,0,0,0,L0
2022,1,CRNN,MalConvBase,Small,operator,separated,stochastic-untargeted,100.00,100.00,100.00,50.00,2,1,1,L2
2023,1,CRNN,MalConvPlus,Small,operator,separated,stochastic-untargeted,100.00,100.00,100.00,50.00,2,1,1,L2
2024,1,CRNN,RCNN,Small,operator,separated,stochastic-untargeted,100.00,94.50,95.08,47.57,2,1,1,L2
2026,0,CRNN,MalConvBase,Small,None,None,None,0.00,100.00,100.00,100.00,0,0,0,L0
2027,0,CRNN,MalConvPlus,Small,None,None,None,0.00,99.68,100.00,99.68,0,0,0,L0
2028,0,CRNN,RCNN,Small,None,None,None,0.00,90.45,92.52,90.45,0,0,0,L0
2030,1,CRNN,MalConvBase,Small,operator,separated,targeted,100.00,100.00,100.00,50.00,2,1,1,L2
2031,1,CRNN,MalConvPlus,Small,operator,separated,targeted,100.00,99.19,98.41,49.19,2,1,1,L2
2032,1,CRNN,RCNN,Small,operator,separated,targeted,100.00,89.81,88.44,44.01,2,1,1,L2
2034,1,CRNN,MalConvBase,Small,constant,interleaved,stochastic-untargeted,46.28,98.38,97.76,75.24,1,3,2,L1
2035,1,CRNN,MalConvPlus,Small,constant,interleaved,stochastic-untargeted,54.69,99.35,98.72,73.62,1,3,2,L1
2037,1,CRNN,MalConvBase,Small,constant,separated,stochastic-untargeted,50.16,100.00,100.00,74.27,1,1,2,L2
2038,1,CRNN,MalConvPlus,Small,constant,separated,stochastic-untargeted,49.19,99.68,100.00,73.62,1,1,2,L2
2039,1,CRNN,RCNN,Small,constant,separated,stochastic-untargeted,47.90,89.81,88.44,67.80,1,1,2,L2
2041,0,CRNN,MalConvBase,Small,None,None,None,0.00,100.00,100.00,100.00,0,0,0,L0
2042,0,CRNN,MalConvPlus,Small,None,None,None,0.00,100.00,100.00,100.00,0,0,0,L0
2043,0,CRNN,RCNN,Small,None,None,None,0.00,98.71,98.39,98.71,0,0,0,L0
2045,0,CRNN,MalConvBase,Small,None,None,None,0.00,100.00,100.00,100.00,0,0,0,L0
2046,0,CRNN,MalConvPlus,Small,None,None,None,0.00,99.84,100.00,99.84,0,0,0,L0
2048,1,CRNN,MalConvBase,Small,operator,shared,stochastic-untargeted,51.78,100.00,100.00,74.11,2,2,2,L3
2049,1,CRNN,MalConvPlus,Small,operator,shared,stochastic-untargeted,46.28,99.68,99.68,76.21,2,2,2,L3
2050,1,CRNN,RCNN,Small,operator,shared,stochastic-untargeted,48.54,89.81,88.44,70.87,2,2,2,L3
2052,1,CRNN,MalConvBase,Small,constant,separated,stochastic-untargeted,47.90,100.00,100.00,77.18,1,1,2,L2
2053,1,CRNN,MalConvPlus,Small,constant,separated,stochastic-untargeted,50.16,99.84,100.00,77.18,1,1,2,L2
2054,1,CRNN,RCNN,Small,constant,separated,stochastic-untargeted,48.22,90.13,91.33,70.39,1,1,2,L2
2056,1,CRNN,MalConvBase,Small,operator,separated,targeted,100.00,100.00,100.00,50.00,2,1,1,L2
2057,1,CRNN,MalConvPlus,Small,operator,separated,targeted,100.00,99.68,100.00,50.00,2,1,1,L2
2058,1,CRNN,RCNN,Small,operator,separated,targeted,100.00,89.81,88.44,44.01,2,1,1,L2
2060,1,CRNN,MalConvBase,Small,operator,separated,stochastic-untargeted,51.78,100.00,100.00,74.92,2,1,2,L3
2061,1,CRNN,MalConvPlus,Small,operator,separated,stochastic-untargeted,50.49,99.84,100.00,73.79,2,1,2,L3
2062,1,CRNN,RCNN,Small,operator,separated,stochastic-untargeted,47.90,90.29,90.82,71.20,2,1,2,L3
2064,0,CRNN,MalConvBase,Small,None,None,None,0.00,100.00,100.00,100.00,0,0,0,L0
2065,0,CRNN,MalConvPlus,Small,None,None,None,0.00,100.00,100.00,100.00,0,0,0,L0
2066,0,CRNN,RCNN,Small,None,None,None,0.00,91.26,90.73,91.26,0,0,0,L0
2068,0,CRNN,MalConvBase,Small,None,None,None,0.00,100.00,100.00,100.00,0,0,0,L0
2069,0,CRNN,MalConvPlus,Small,None,None,None,0.00,99.84,100.00,99.84,0,0,0,L0
2070,0,CRNN,RCNN,Small,None,None,None,0.00,95.31,96.36,95.31,0,0,0,L0
2072,0,CRNN,MalConvBase,Small,None,None,None,0.00,100.00,100.00,100.00,0,0,0,L0
2073,0,CRNN,MalConvPlus,Small,None,None,None,0.00,99.84,100.00,99.84,0,0,0,L0
2075,0,CRNN,MalConvBase,Small,None,None,None,0.00,100.00,100.00,100.00,0,0,0,L0
2076,0,CRNN,MalConvPlus,Small,None,None,None,0.00,100.00,100.00,100.00,0,0,0,L0
2077,0,CRNN,RCNN,Small,None,None,None,0.00,89.81,91.55,89.81,0,0,0,L0
2079,0,CRNN,MalConvBase,Small,None,None,None,0.00,100.00,100.00,100.00,0,0,0,L0
2080,0,CRNN,MalConvPlus,Small,None,None,None,0.00,99.84,100.00,99.84,0,0,0,L0
2081,0,CRNN,RCNN,Small,None,None,None,0.00,94.50,95.08,94.50,0,0,0,L0
2083,0,CRNN,MalConvBase,Small,None,None,None,0.00,100.00,100.00,100.00,0,0,0,L0
2084,0,CRNN,MalConvPlus,Small,None,None,None,0.00,100.00,100.00,100.00,0,0,0,L0
2085,0,CRNN,RCNN,Small,None,None,None,0.00,94.82,94.53,94.82,0,0,0,L0
2087,0,CRNN,MalConvBase,Small,None,None,None,0.00,100.00,100.00,100.00,0,0,0,L0
2088,0,CRNN,MalConvPlus,Small,None,None,None,0.00,100.00,100.00,100.00,0,0,0,L0
2089,0,CRNN,RCNN,Small,None,None,None,0.00,94.17,95.05,94.17,0,0,0,L0
2091,1,CRNN,MalConvBase,Small,operator,separated,targeted,100.00,100.00,100.00,50.00,2,1,1,L2
2092,1,CRNN,MalConvPlus,Small,operator,separated,targeted,100.00,99.84,100.00,50.00,2,1,1,L2
2093,1,CRNN,RCNN,Small,operator,separated,targeted,100.00,98.87,98.71,49.35,2,1,1,L2
2095,0,CRNN,MalConvBase,Small,None,None,None,0.00,100.00,100.00,100.00,0,0,0,L0
2096,0,CRNN,MalConvPlus,Small,None,None,None,0.00,99.84,99.68,99.84,0,0,0,L0
2098,0,CRNN,MalConvBase,Small,None,None,None,0.00,100.00,100.00,100.00,0,0,0,L0
2099,0,CRNN,MalConvPlus,Small,None,None,None,0.00,99.84,100.00,99.84,0,0,0,L0
2100,0,CRNN,RCNN,Small,None,None,None,0.00,95.31,94.87,95.31,0,0,0,L0
2102,1,CRNN,MalConvBase,Small,constant,interleaved,targeted,100.00,100.00,100.00,50.00,1,3,1,L1
2103,1,CRNN,MalConvPlus,Small,constant,interleaved,targeted,100.00,100.00,100.00,50.00,1,3,1,L1
2104,1,CRNN,RCNN,Small,constant,interleaved,targeted,100.00,94.50,95.08,47.57,1,3,1,L1
2106,0,CRNN,MalConvBase,Small,None,None,None,0.00,100.00,100.00,100.00,0,0,0,L0
2107,0,CRNN,MalConvPlus,Small,None,None,None,0.00,99.84,99.68,99.84,0,0,0,L0
2108,0,CRNN,RCNN,Small,None,None,None,0.00,99.84,99.68,99.84,0,0,0,L0
2110,0,CRNN,MalConvBase,Small,None,None,None,0.00,100.00,100.00,100.00,0,0,0,L0
2111,0,CRNN,MalConvPlus,Small,None,None,None,0.00,100.00,100.00,100.00,0,0,0,L0
2113,1,CRNN,MalConvBase,Small,constant,separated,targeted,100.00,100.00,100.00,50.00,1,1,1,L2
2114,1,CRNN,MalConvPlus,Small,constant,separated,targeted,100.00,99.84,100.00,50.00,1,1,1,L2
2115,1,CRNN,RCNN,Small,constant,separated,targeted,100.00,94.50,95.08,47.57,1,1,1,L2
2117,1,CRNN,MalConvBase,Small,operator,interleaved,targeted,100.00,100.00,100.00,50.00,2,3,1,L1
2118,1,CRNN,MalConvPlus,Small,operator,interleaved,targeted,100.00,100.00,100.00,50.00,2,3,1,L1
2120,1,CRNN,MalConvBase,Small,constant,interleaved,targeted,100.00,100.00,100.00,50.00,1,3,1,L1
2121,1,CRNN,MalConvPlus,Small,constant,interleaved,targeted,100.00,99.84,100.00,50.00,1,3,1,L1
2122,1,CRNN,RCNN,Small,constant,interleaved,targeted,100.00,100.00,100.00,50.00,1,3,1,L1
2124,0,CRNN,MalConvBase,Small,None,None,None,0.00,100.00,100.00,100.00,0,0,0,L0
2125,0,CRNN,MalConvPlus,Small,None,None,None,0.00,99.84,100.00,99.84,0,0,0,L0
2126,0,CRNN,RCNN,Small,None,None,None,0.00,92.39,94.26,92.39,0,0,0,L0
2128,0,CRNN,MalConvBase,Small,None,None,None,0.00,100.00,100.00,100.00,0,0,0,L0
2129,0,CRNN,MalConvPlus,Small,None,None,None,0.00,100.00,100.00,100.00,0,0,0,L0
2130,0,CRNN,RCNN,Small,None,None,None,0.00,100.00,100.00,100.00,0,0,0,L0
2132,1,CRNN,MalConvBase,Small,constant,separated,targeted,100.00,100.00,100.00,50.00,1,1,1,L2
2133,1,CRNN,MalConvPlus,Small,constant,separated,targeted,100.00,100.00,100.00,50.00,1,1,1,L2
2134,1,CRNN,RCNN,Small,constant,separated,targeted,100.00,94.50,95.08,47.57,1,1,1,L2
2136,1,CRNN,MalConvBase,Small,constant,separated,targeted,100.00,100.00,100.00,50.00,1,1,1,L2
2137,1,CRNN,MalConvPlus,Small,constant,separated,targeted,100.00,100.00,100.00,50.00,1,1,1,L2
2138,1,CRNN,RCNN,Small,constant,separated,targeted,100.00,94.50,95.08,47.57,1,1,1,L2
2140,0,CRNN,MalConvBase,Small,None,None,None,0.00,100.00,100.00,100.00,0,0,0,L0
2141,0,CRNN,MalConvPlus,Small,None,None,None,0.00,100.00,100.00,100.00,0,0,0,L0
2142,0,CRNN,RCNN,Small,None,None,None,0.00,97.90,97.74,97.90,0,0,0,L0
2144,0,CRNN,MalConvBase,Small,None,None,None,0.00,100.00,100.00,100.00,0,0,0,L0
2145,0,CRNN,MalConvPlus,Small,None,None,None,0.00,99.84,100.00,99.84,0,0,0,L0
2147,1,CRNN,MalConvBase,Small,constant,shared,targeted,100.00,100.00,100.00,50.00,1,2,1,L1
2148,1,CRNN,MalConvPlus,Small,constant,shared,targeted,100.00,100.00,100.00,50.00,1,2,1,L1
2149,1,CRNN,RCNN,Small,constant,shared,targeted,100.00,95.47,95.18,47.57,1,2,1,L1
2151,0,CRNN,MalConvBase,Small,None,None,None,0.00,100.00,100.00,100.00,0,0,0,L0
2152,0,CRNN,MalConvPlus,Small,None,None,None,0.00,100.00,100.00,100.00,0,0,0,L0
2154,0,CRNN,MalConvBase,Small,None,None,None,0.00,100.00,100.00,100.00,0,0,0,L0
2155,0,CRNN,MalConvPlus,Small,None,None,None,0.00,100.00,100.00,100.00,0,0,0,L0
2156,0,CRNN,RCNN,Small,None,None,None,0.00,89.97,90.49,89.97,0,0,0,L0
2158,0,CRNN,MalConvBase,Small,None,None,None,0.00,100.00,100.00,100.00,0,0,0,L0
2159,0,CRNN,MalConvPlus,Small,None,None,None,0.00,99.84,100.00,99.84,0,0,0,L0
2160,0,CRNN,RCNN,Small,None,None,None,0.00,89.64,93.91,89.64,0,0,0,L0
2162,1,CRNN,MalConvBase,Small,operator,shared,targeted,100.00,100.00,100.00,50.00,2,2,1,L1
2163,1,CRNN,MalConvPlus,Small,operator,shared,targeted,100.00,99.68,99.68,49.84,2,2,1,L1
2164,1,CRNN,RCNN,Small,operator,shared,targeted,100.00,94.50,95.08,47.57,2,2,1,L1
2166,0,CRNN,MalConvBase,Small,None,None,None,0.00,100.00,100.00,100.00,0,0,0,L0
2167,0,CRNN,MalConvPlus,Small,None,None,None,0.00,99.68,99.68,99.68,0,0,0,L0
2168,0,CRNN,RCNN,Small,None,None,None,0.00,95.95,97.97,95.95,0,0,0,L0
2170,0,CRNN,MalConvBase,Small,None,None,None,0.00,100.00,100.00,100.00,0,0,0,L0
2171,0,CRNN,MalConvPlus,Small,None,None,None,0.00,100.00,100.00,100.00,0,0,0,L0
2172,0,CRNN,RCNN,Small,None,None,None,0.00,90.94,89.91,90.94,0,0,0,L0
2174,1,CRNN,MalConvBase,Small,operator,interleaved,stochastic-untargeted,48.22,100.00,100.00,75.40,2,3,2,L1
2175,1,CRNN,MalConvPlus,Small,operator,interleaved,stochastic-untargeted,49.19,100.00,100.00,75.89,2,3,2,L1
2176,1,CRNN,RCNN,Small,operator,interleaved,stochastic-untargeted,46.60,95.31,94.87,73.95,2,3,2,L1
2178,0,CRNN,MalConvBase,Small,None,None,None,0.00,100.00,100.00,100.00,0,0,0,L0
2179,0,CRNN,MalConvPlus,Small,None,None,None,0.00,100.00,100.00,100.00,0,0,0,L0
2181,0,CRNN,MalConvBase,Small,None,None,None,0.00,100.00,100.00,100.00,0,0,0,L0
2182,0,CRNN,MalConvPlus,Small,None,None,None,0.00,99.68,99.68,99.68,0,0,0,L0
2183,0,CRNN,MalConvBase,Small,None,None,None,0.00,100.00,100.00,100.00,0,0,0,L0
2184,0,CRNN,MalConvPlus,Small,None,None,None,0.00,99.84,100.00,99.84,0,0,0,L0
2185,0,CRNN,RCNN,Small,None,None,None,0.00,89.97,89.71,89.97,0,0,0,L0
2187,1,CRNN,MalConvBase,Small,constant,interleaved,targeted,100.00,100.00,100.00,50.00,1,3,1,L1
2188,1,CRNN,MalConvPlus,Small,constant,interleaved,targeted,100.00,100.00,100.00,50.00,1,3,1,L1
2189,1,CRNN,RCNN,Small,constant,interleaved,targeted,100.00,94.50,95.08,47.57,1,3,1,L1
2191,0,CRNN,MalConvBase,Small,None,None,None,0.00,100.00,100.00,100.00,0,0,0,L0
2192,0,CRNN,MalConvPlus,Small,None,None,None,0.00,100.00,100.00,100.00,0,0,0,L0
2193,0,CRNN,RCNN,Small,None,None,None,0.00,100.00,100.00,100.00,0,0,0,L0
2195,1,CRNN,MalConvBase,Small,operator,separated,targeted,50.49,100.00,100.00,73.30,2,1,2,L3
2196,1,CRNN,MalConvPlus,Small,operator,separated,targeted,52.75,99.84,100.00,74.92,2,1,2,L3
2198,0,CRNN,MalConvBase,Small,None,None,None,0.00,100.00,100.00,100.00,0,0,0,L0
2199,0,CRNN,MalConvPlus,Small,None,None,None,0.00,100.00,100.00,100.00,0,0,0,L0
2200,0,CRNN,RCNN,Small,None,None,None,0.00,100.00,100.00,100.00,0,0,0,L0
2202,0,CRNN,MalConvBase,Small,None,None,None,0.00,100.00,100.00,100.00,0,0,0,L0
2203,0,CRNN,MalConvPlus,Small,None,None,None,0.00,99.84,100.00,99.84,0,0,0,L0
2204,0,CRNN,RCNN,Small,None,None,None,0.00,93.04,96.18,93.04,0,0,0,L0
2206,0,CRNN,MalConvBase,Small,None,None,None,0.00,100.00,100.00,100.00,0,0,0,L0
2207,0,CRNN,MalConvPlus,Small,None,None,None,0.00,99.84,100.00,99.84,0,0,0,L0
2209,0,CRNN,MalConvBase,Small,None,None,None,0.00,100.00,100.00,100.00,0,0,0,L0
2210,0,CRNN,MalConvPlus,Small,None,None,None,0.00,100.00,100.00,100.00,0,0,0,L0
2211,0,CRNN,RCNN,Small,None,None,None,0.00,92.07,93.05,92.07,0,0,0,L0
2213,1,CRNN,MalConvBase,Small,operator,separated,stochastic-untargeted,45.31,100.00,100.00,75.73,2,1,2,L3
2214,1,CRNN,MalConvPlus,Small,operator,separated,stochastic-untargeted,51.46,99.03,98.71,74.27,2,1,2,L3
2215,1,CRNN,RCNN,Small,operator,separated,stochastic-untargeted,53.72,92.56,93.69,72.49,2,1,2,L3
2217,0,CRNN,MalConvBase,Small,None,None,None,0.00,100.00,100.00,100.00,0,0,0,L0
2218,0,CRNN,MalConvPlus,Small,None,None,None,0.00,99.84,100.00,99.84,0,0,0,L0
2219,0,CRNN,RCNN,Small,None,None,None,0.00,100.00,100.00,100.00,0,0,0,L0
2221,1,CRNN,MalConvBase,Small,operator,interleaved,targeted,100.00,100.00,100.00,50.00,2,3,1,L1
2222,1,CRNN,MalConvPlus,Small,operator,interleaved,targeted,100.00,100.00,100.00,50.00,2,3,1,L1
2223,1,CRNN,RCNN,Small,operator,interleaved,targeted,100.00,94.50,95.08,47.57,2,3,1,L1
2225,1,CRNN,MalConvBase,Small,constant,interleaved,targeted,100.00,100.00,100.00,50.00,1,3,1,L1
2226,1,CRNN,MalConvPlus,Small,constant,interleaved,targeted,100.00,100.00,100.00,50.00,1,3,1,L1
2227,1,CRNN,RCNN,Small,constant,interleaved,targeted,100.00,89.81,88.44,44.01,1,3,1,L1
2228,0,CRNN,MalConvBase,Small,None,None,None,0.00,100.00,100.00,100.00,0,0,0,L0
2229,0,CRNN,MalConvPlus,Small,None,None,None,0.00,100.00,100.00,100.00,0,0,0,L0
2230,0,CRNN,RCNN,Small,None,None,None,0.00,95.47,93.23,95.47,0,0,0,L0
2232,1,CRNN,MalConvBase,Small,operator,separated,stochastic-untargeted,48.87,100.00,100.00,74.92,2,1,2,L3
2233,1,CRNN,MalConvPlus,Small,operator,separated,stochastic-untargeted,47.25,99.84,100.00,74.27,2,1,2,L3
2234,1,CRNN,RCNN,Small,operator,separated,stochastic-untargeted,46.60,90.78,90.65,69.09,2,1,2,L3
2236,1,CRNN,MalConvBase,Small,operator,interleaved,targeted,100.00,100.00,100.00,50.00,2,3,1,L1
2237,1,CRNN,MalConvPlus,Small,operator,interleaved,targeted,100.00,100.00,100.00,50.00,2,3,1,L1
2238,1,CRNN,RCNN,Small,operator,interleaved,targeted,100.00,94.50,95.08,47.57,2,3,1,L1
2240,1,CRNN,MalConvBase,Small,operator,separated,targeted,51.46,100.00,100.00,74.76,2,1,2,L3
2241,1,CRNN,MalConvPlus,Small,operator,separated,targeted,46.60,100.00,100.00,71.36,2,1,2,L3
2242,1,CRNN,RCNN,Small,operator,separated,targeted,54.37,92.56,95.50,70.87,2,1,2,L3
2244,0,CRNN,MalConvBase,Small,None,None,None,0.00,100.00,100.00,100.00,0,0,0,L0
2245,0,CRNN,MalConvPlus,Small,None,None,None,0.00,100.00,100.00,100.00,0,0,0,L0
2246,0,CRNN,RCNN,Small,None,None,None,0.00,95.47,94.89,95.47,0,0,0,L0
2248,0,CRNN,MalConvBase,Small,None,None,None,0.00,100.00,100.00,100.00,0,0,0,L0
2249,0,CRNN,MalConvPlus,Small,None,None,None,0.00,100.00,100.00,100.00,0,0,0,L0
2250,0,CRNN,RCNN,Small,None,None,None,0.00,92.23,95.16,92.23,0,0,0,L0
2252,0,CRNN,MalConvBase,Small,None,None,None,0.00,100.00,100.00,100.00,0,0,0,L0
2253,0,CRNN,MalConvPlus,Small,None,None,None,0.00,100.00,100.00,100.00,0,0,0,L0
2254,0,CRNN,RCNN,Small,None,None,None,0.00,91.26,94.12,91.26,0,0,0,L0
2256,0,CRNN,MalConvBase,Small,None,None,None,0.00,100.00,100.00,100.00,0,0,0,L0
2257,0,CRNN,MalConvPlus,Small,None,None,None,0.00,100.00,100.00,100.00,0,0,0,L0
2258,0,CRNN,RCNN,Small,None,None,None,0.00,89.81,90.20,89.81,0,0,0,L0
2259,1,CRNN,MalConvBase,Small,operator,shared,targeted,100.00,100.00,100.00,50.00,2,2,1,L1
2260,1,CRNN,MalConvPlus,Small,operator,shared,targeted,100.00,100.00,100.00,50.00,2,2,1,L1
2261,1,CRNN,RCNN,Small,operator,shared,targeted,100.00,90.61,92.83,46.60,2,2,1,L1
2263,0,CRNN,MalConvBase,Small,None,None,None,0.00,100.00,100.00,100.00,0,0,0,L0
2264,0,CRNN,MalConvPlus,Small,None,None,None,0.00,99.84,100.00,99.84,0,0,0,L0
2265,0,CRNN,RCNN,Small,None,None,None,0.00,90.45,88.82,90.45,0,0,0,L0
2267,1,CRNN,MalConvBase,Small,operator,separated,stochastic-untargeted,100.00,100.00,100.00,50.00,2,1,1,L2
2268,1,CRNN,MalConvPlus,Small,operator,separated,stochastic-untargeted,100.00,99.84,100.00,50.00,2,1,1,L2
2269,1,CRNN,RCNN,Small,operator,separated,stochastic-untargeted,100.00,100.00,100.00,50.00,2,1,1,L2
2271,0,CRNN,MalConvBase,Small,None,None,None,0.00,100.00,100.00,100.00,0,0,0,L0
2272,0,CRNN,MalConvPlus,Small,None,None,None,0.00,100.00,100.00,100.00,0,0,0,L0
2273,0,CRNN,MalConvBase,Small,None,None,None,0.00,100.00,100.00,100.00,0,0,0,L0
2274,0,CRNN,MalConvPlus,Small,None,None,None,0.00,100.00,100.00,100.00,0,0,0,L0
2275,0,CRNN,RCNN,Small,None,None,None,0.00,93.20,93.20,93.20,0,0,0,L0
2277,0,CRNN,MalConvBase,Small,None,None,None,0.00,100.00,100.00,100.00,0,0,0,L0
2278,0,CRNN,MalConvPlus,Small,None,None,None,0.00,100.00,100.00,100.00,0,0,0,L0
2279,0,CRNN,RCNN,Small,None,None,None,0.00,92.39,91.72,92.39,0,0,0,L0
2281,0,CRNN,MalConvBase,Small,None,None,None,0.00,95.95,92.51,95.95,0,0,0,L0
2282,0,CRNN,MalConvPlus,Small,None,None,None,0.00,99.19,98.72,99.19,0,0,0,L0
2283,0,CRNN,RCNN,Small,None,None,None,0.00,94.50,92.83,94.50,0,0,0,L0
2285,1,CRNN,MalConvBase,Small,constant,shared,stochastic-untargeted,41.75,99.84,100.00,76.54,1,2,2,L2
2287,1,CRNN,MalConvBase,Small,constant,shared,stochastic-untargeted,50.49,100.00,100.00,75.89,1,2,2,L2
2288,1,CRNN,MalConvPlus,Small,constant,shared,stochastic-untargeted,49.84,99.68,100.00,73.95,1,2,2,L2
2289,1,CRNN,RCNN,Small,constant,shared,stochastic-untargeted,52.10,89.81,88.44,70.87,1,2,2,L2
2291,1,CRNN,MalConvBase,Small,operator,shared,stochastic-untargeted,44.34,100.00,100.00,75.24,2,2,2,L3
2292,1,CRNN,MalConvPlus,Small,operator,shared,stochastic-untargeted,50.81,99.68,100.00,77.18,2,2,2,L3
2293,1,CRNN,RCNN,Small,operator,shared,stochastic-untargeted,47.90,89.81,88.44,69.90,2,2,2,L3
2295,1,CRNN,MalConvBase,Small,constant,shared,targeted,100.00,99.84,100.00,50.00,1,2,1,L1
2296,1,CRNN,MalConvPlus,Small,constant,shared,targeted,100.00,99.68,99.68,49.84,1,2,1,L1
2297,1,CRNN,RCNN,Small,constant,shared,targeted,100.00,94.50,95.08,47.57,1,2,1,L1
2299,1,CRNN,MalConvBase,Small,operator,separated,stochastic-untargeted,49.19,99.51,100.00,74.60,2,1,2,L3
2300,1,CRNN,MalConvPlus,Small,operator,separated,stochastic-untargeted,46.93,99.19,99.35,75.73,2,1,2,L3
2301,1,CRNN,RCNN,Small,operator,separated,stochastic-untargeted,48.87,92.07,93.62,74.60,2,1,2,L3
2303,1,CRNN,MalConvBase,Small,operator,separated,targeted,100.00,100.00,100.00,50.00,2,1,1,L2
2304,1,CRNN,MalConvPlus,Small,operator,separated,targeted,100.00,100.00,100.00,50.00,2,1,1,L2
2305,1,CRNN,RCNN,Small,operator,separated,targeted,100.00,94.50,95.08,47.57,2,1,1,L2
2307,0,CRNN,MalConvBase,Small,None,None,None,0.00,100.00,100.00,100.00,0,0,0,L0
2308,0,CRNN,MalConvPlus,Small,None,None,None,0.00,99.68,100.00,99.68,0,0,0,L0
2309,0,CRNN,RCNN,Small,None,None,None,0.00,90.94,92.31,90.94,0,0,0,L0
2311,1,CRNN,MalConvBase,Small,constant,interleaved,targeted,100.00,100.00,100.00,50.00,1,3,1,L1
2312,1,CRNN,MalConvPlus,Small,constant,interleaved,targeted,100.00,99.84,99.68,49.84,1,3,1,L1
2313,1,CRNN,RCNN,Small,constant,interleaved,targeted,100.00,91.91,93.90,47.09,1,3,1,L1
2315,0,CRNN,MalConvBase,Small,None,None,None,0.00,100.00,100.00,100.00,0,0,0,L0
2316,0,CRNN,MalConvPlus,Small,None,None,None,0.00,100.00,100.00,100.00,0,0,0,L0
2317,0,CRNN,RCNN,Small,None,None,None,0.00,95.63,95.48,95.63,0,0,0,L0
2319,1,CRNN,MalConvBase,Small,constant,shared,stochastic-untargeted,47.57,100.00,100.00,75.24,1,2,2,L2
2320,1,CRNN,MalConvPlus,Small,constant,shared,stochastic-untargeted,53.07,99.84,100.00,74.60,1,2,2,L2
2321,1,CRNN,RCNN,Small,constant,shared,stochastic-untargeted,50.49,100.00,100.00,74.43,1,2,2,L2
2323,1,CRNN,MalConvBase,Small,constant,separated,targeted,100.00,100.00,100.00,50.00,1,1,1,L2
2324,1,CRNN,MalConvPlus,Small,constant,separated,targeted,100.00,98.87,99.67,49.84,1,1,1,L2
2325,1,CRNN,RCNN,Small,constant,separated,targeted,100.00,94.50,95.08,47.57,1,1,1,L2
2327,0,CRNN,MalConvBase,Small,None,None,None,0.00,100.00,100.00,100.00,0,0,0,L0
2328,0,CRNN,MalConvPlus,Small,None,None,None,0.00,100.00,100.00,100.00,0,0,0,L0
2329,0,CRNN,RCNN,Small,None,None,None,0.00,91.42,93.84,91.42,0,0,0,L0
2331,1,CRNN,MalConvBase,Small,constant,shared,targeted,100.00,100.00,100.00,50.00,1,2,1,L1
2332,1,CRNN,MalConvPlus,Small,constant,shared,targeted,100.00,100.00,100.00,50.00,1,2,1,L1
2333,1,CRNN,RCNN,Small,constant,shared,targeted,100.00,94.50,95.08,47.57,1,2,1,L1
2335,0,CRNN,MalConvBase,Small,None,None,None,0.00,100.00,100.00,100.00,0,0,0,L0
2336,0,CRNN,MalConvPlus,Small,None,None,None,0.00,99.84,100.00,99.84,0,0,0,L0
2337,0,CRNN,RCNN,Small,None,None,None,0.00,92.07,92.21,92.07,0,0,0,L0
2339,1,CRNN,MalConvBase,Small,constant,shared,stochastic-untargeted,78.96,100.00,100.00,60.84,1,2,2,L2
2340,1,CRNN,MalConvPlus,Small,constant,shared,stochastic-untargeted,61.81,100.00,100.00,66.50,1,2,2,L2
2341,1,CRNN,RCNN,Small,constant,shared,stochastic-untargeted,61.17,92.88,94.31,67.64,1,2,2,L2
2343,0,CRNN,MalConvBase,Small,None,None,None,0.00,100.00,100.00,100.00,0,0,0,L0
2344,0,CRNN,MalConvPlus,Small,None,None,None,0.00,100.00,100.00,100.00,0,0,0,L0
2345,0,CRNN,RCNN,Small,None,None,None,0.00,100.00,100.00,100.00,0,0,0,L0
2346,1,CRNN,MalConvBase,Small,operator,separated,targeted,100.00,100.00,100.00,50.00,2,1,1,L2
2347,1,CRNN,MalConvPlus,Small,operator,separated,targeted,100.00,100.00,100.00,50.00,2,1,1,L2
2348,1,CRNN,RCNN,Small,operator,separated,targeted,100.00,91.42,93.54,46.93,2,1,1,L2
2350,1,CRNN,MalConvBase,Small,operator,separated,targeted,100.00,100.00,100.00,50.00,2,1,1,L2
2351,1,CRNN,MalConvPlus,Small,operator,separated,targeted,100.00,100.00,100.00,50.00,2,1,1,L2
2352,1,CRNN,RCNN,Small,operator,separated,targeted,100.00,94.50,95.08,47.57,2,1,1,L2
2354,0,CRNN,MalConvBase,Small,None,None,None,0.00,100.00,100.00,100.00,0,0,0,L0
2355,0,CRNN,MalConvPlus,Small,None,None,None,0.00,97.57,95.94,97.57,0,0,0,L0
2356,0,CRNN,RCNN,Small,None,None,None,0.00,90.45,91.39,90.45,0,0,0,L0
2358,0,CRNN,MalConvBase,Small,None,None,None,0.00,100.00,100.00,100.00,0,0,0,L0
2359,0,CRNN,MalConvPlus,Small,None,None,None,0.00,99.51,99.04,99.51,0,0,0,L0
2360,0,CRNN,RCNN,Small,None,None,None,0.00,94.17,95.05,94.17,0,0,0,L0
2362,1,CRNN,MalConvBase,Small,constant,interleaved,stochastic-untargeted,55.34,100.00,100.00,75.73,1,3,2,L1
2363,1,CRNN,MalConvPlus,Small,constant,interleaved,stochastic-untargeted,49.51,100.00,100.00,74.76,1,3,2,L1
2365,0,CRNN,MalConvBase,Small,None,None,None,0.00,100.00,100.00,100.00,0,0,0,L0
2366,0,CRNN,MalConvPlus,Small,None,None,None,0.00,99.84,100.00,99.84,0,0,0,L0
2367,0,CRNN,RCNN,Small,None,None,None,0.00,91.26,88.06,91.26,0,0,0,L0
2369,0,CRNN,MalConvBase,Small,None,None,None,0.00,100.00,100.00,100.00,0,0,0,L0
2370,0,CRNN,MalConvPlus,Small,None,None,None,0.00,99.84,100.00,99.84,0,0,0,L0
2372,0,CRNN,MalConvBase,Small,None,None,None,0.00,100.00,100.00,100.00,0,0,0,L0
2373,0,CRNN,MalConvPlus,Small,None,None,None,0.00,100.00,100.00,100.00,0,0,0,L0
2374,0,CRNN,RCNN,Small,None,None,None,0.00,93.20,94.95,93.20,0,0,0,L0
2376,0,CRNN,MalConvBase,Small,None,None,None,0.00,100.00,100.00,100.00,0,0,0,L0
2377,0,CRNN,MalConvPlus,Small,None,None,None,0.00,99.84,100.00,99.84,0,0,0,L0
2378,0,CRNN,RCNN,Small,None,None,None,0.00,99.84,100.00,99.84,0,0,0,L0
2380,1,CRNN,MalConvBase,Small,operator,separated,targeted,100.00,100.00,100.00,50.00,2,1,1,L2
2381,1,CRNN,MalConvPlus,Small,operator,separated,targeted,100.00,99.84,100.00,50.00,2,1,1,L2
2383,0,CRNN,MalConvBase,Small,None,None,None,0.00,100.00,100.00,100.00,0,0,0,L0
2384,0,CRNN,MalConvPlus,Small,None,None,None,0.00,99.68,100.00,99.68,0,0,0,L0
2385,0,CRNN,RCNN,Small,None,None,None,0.00,99.84,100.00,99.84,0,0,0,L0
2387,0,CRNN,MalConvBase,Small,None,None,None,0.00,99.68,100.00,99.68,0,0,0,L0
2388,0,CRNN,MalConvPlus,Small,None,None,None,0.00,99.51,99.04,99.51,0,0,0,L0
2389,0,CRNN,RCNN,Small,None,None,None,0.00,99.68,100.00,99.68,0,0,0,L0
2391,1,CRNN,MalConvBase,Small,operator,separated,targeted,100.00,100.00,100.00,50.00,2,1,1,L2
2392,1,CRNN,MalConvPlus,Small,operator,separated,targeted,100.00,99.84,100.00,50.00,2,1,1,L2
2393,1,CRNN,RCNN,Small,operator,separated,targeted,100.00,89.81,88.44,44.01,2,1,1,L2
2394,0,CRNN,MalConvBase,Small,None,None,None,0.00,100.00,100.00,100.00,0,0,0,L0
2395,0,CRNN,MalConvPlus,Small,None,None,None,0.00,99.35,99.04,99.35,0,0,0,L0
2396,0,CRNN,RCNN,Small,None,None,None,0.00,100.00,100.00,100.00,0,0,0,L0
2398,0,CRNN,MalConvBase,Small,None,None,None,0.00,100.00,100.00,100.00,0,0,0,L0
2399,0,CRNN,MalConvPlus,Small,None,None,None,0.00,100.00,100.00,100.00,0,0,0,L0
2400,0,CRNN,RCNN,Small,None,None,None,0.00,90.13,89.49,90.13,0,0,0,L0
2402,1,CRNN,MalConvBase,Small,constant,interleaved,stochastic-untargeted,44.01,100.00,100.00,75.08,1,3,2,L1
2403,1,CRNN,MalConvPlus,Small,constant,interleaved,stochastic-untargeted,45.95,99.68,99.36,76.05,1,3,2,L1
2404,1,CRNN,RCNN,Small,constant,interleaved,stochastic-untargeted,53.40,92.23,93.36,72.17,1,3,2,L1
2406,1,CRNN,MalConvBase,Small,constant,interleaved,targeted,100.00,100.00,100.00,50.00,1,3,1,L1
2407,1,CRNN,MalConvPlus,Small,constant,interleaved,targeted,100.00,100.00,100.00,50.00,1,3,1,L1
2408,1,CRNN,RCNN,Small,constant,interleaved,targeted,100.00,94.50,95.08,47.57,1,3,1,L1
2410,0,CRNN,MalConvBase,Small,None,None,None,0.00,100.00,100.00,100.00,0,0,0,L0
2411,0,CRNN,MalConvPlus,Small,None,None,None,0.00,100.00,100.00,100.00,0,0,0,L0
2412,0,CRNN,RCNN,Small,None,None,None,0.00,98.38,98.07,98.38,0,0,0,L0
2414,0,CRNN,MalConvBase,Small,None,None,None,0.00,100.00,100.00,100.00,0,0,0,L0
2415,0,CRNN,MalConvPlus,Small,None,None,None,0.00,100.00,100.00,100.00,0,0,0,L0
2417,0,CRNN,MalConvBase,Small,None,None,None,0.00,100.00,100.00,100.00,0,0,0,L0
2418,0,CRNN,MalConvPlus,Small,None,None,None,0.00,99.84,100.00,99.84,0,0,0,L0
2419,0,CRNN,RCNN,Small,None,None,None,0.00,91.26,91.26,91.26,0,0,0,L0
2421,1,CRNN,MalConvBase,Small,constant,interleaved,targeted,100.00,100.00,100.00,50.00,1,3,1,L1
2422,1,CRNN,MalConvPlus,Small,constant,interleaved,targeted,100.00,100.00,100.00,50.00,1,3,1,L1
2423,1,CRNN,RCNN,Small,constant,interleaved,targeted,100.00,94.50,95.08,47.57,1,3,1,L1
2425,1,CRNN,MalConvBase,Small,constant,separated,targeted,100.00,100.00,100.00,50.00,1,1,1,L2
2426,1,CRNN,MalConvPlus,Small,constant,separated,targeted,100.00,99.68,100.00,50.00,1,1,1,L2
2427,1,CRNN,RCNN,Small,constant,separated,targeted,100.00,89.81,88.44,44.01,1,1,1,L2
2429,1,CRNN,MalConvBase,Small,constant,interleaved,targeted,100.00,100.00,100.00,50.00,1,3,1,L1
2430,1,CRNN,MalConvPlus,Small,constant,interleaved,targeted,100.00,99.84,100.00,50.00,1,3,1,L1
2431,1,CRNN,RCNN,Small,constant,interleaved,targeted,100.00,100.00,100.00,50.00,1,3,1,L1
2433,1,CRNN,RCNN,Small,operator,interleaved,targeted,100.00,93.04,94.63,47.41,2,3,1,L1
2434,1,CRNN,MalConvBase,Small,constant,shared,targeted,100.00,100.00,100.00,50.00,1,2,1,L1
2435,1,CRNN,MalConvPlus,Small,constant,shared,targeted,100.00,99.84,100.00,50.00,1,2,1,L1
2436,1,CRNN,RCNN,Small,constant,shared,targeted,100.00,90.61,90.61,45.31,1,2,1,L1
2438,0,CRNN,MalConvBase,Small,None,None,None,0.00,100.00,100.00,100.00,0,0,0,L0
2439,0,CRNN,MalConvPlus,Small,None,None,None,0.00,100.00,100.00,100.00,0,0,0,L0
2440,0,CRNN,RCNN,Small,None,None,None,0.00,99.68,100.00,99.68,0,0,0,L0
2442,1,CRNN,MalConvBase,Small,constant,interleaved,targeted,100.00,100.00,100.00,50.00,1,3,1,L1
2443,1,CRNN,MalConvPlus,Small,constant,interleaved,targeted,100.00,100.00,100.00,50.00,1,3,1,L1
2444,1,CRNN,RCNN,Small,constant,interleaved,targeted,100.00,94.50,95.08,47.57,1,3,1,L1
2446,0,CRNN,MalConvBase,Small,None,None,None,0.00,100.00,100.00,100.00,0,0,0,L0
2447,0,CRNN,MalConvPlus,Small,None,None,None,0.00,99.84,100.00,99.84,0,0,0,L0
2448,0,CRNN,RCNN,Small,None,None,None,0.00,89.97,92.44,89.97,0,0,0,L0
2450,1,CRNN,MalConvBase,Small,constant,shared,targeted,99.68,100.00,100.00,50.81,1,2,2,L2
2451,1,CRNN,MalConvPlus,Small,constant,shared,targeted,100.00,99.03,98.71,49.35,1,2,2,L2
2452,1,CRNN,RCNN,Small,constant,shared,targeted,98.38,100.00,100.00,50.97,1,2,2,L2
2454,1,CRNN,MalConvBase,Small,constant,shared,stochastic-untargeted,48.87,100.00,100.00,75.24,1,2,2,L2
2455,1,CRNN,MalConvPlus,Small,constant,shared,stochastic-untargeted,53.72,100.00,100.00,75.40,1,2,2,L2
2456,1,CRNN,RCNN,Small,constant,shared,stochastic-untargeted,55.34,89.64,93.29,67.80,1,2,2,L2
2458,0,CRNN,MalConvBase,Small,None,None,None,0.00,100.00,100.00,100.00,0,0,0,L0
2459,0,CRNN,MalConvPlus,Small,None,None,None,0.00,99.68,99.68,99.68,0,0,0,L0
2461,0,CRNN,MalConvBase,Small,None,None,None,0.00,99.19,99.35,99.19,0,0,0,L0
2462,0,CRNN,MalConvPlus,Small,None,None,None,0.00,98.06,98.69,98.06,0,0,0,L0
2464,0,CRNN,MalConvBase,Small,None,None,None,0.00,100.00,100.00,100.00,0,0,0,L0
2465,0,CRNN,MalConvPlus,Small,None,None,None,0.00,100.00,100.00,100.00,0,0,0,L0
2466,0,CRNN,RCNN,Small,None,None,None,0.00,91.10,92.05,91.10,0,0,0,L0
2468,1,CRNN,MalConvBase,Small,constant,separated,targeted,100.00,100.00,100.00,50.00,1,1,1,L2
2469,1,CRNN,MalConvBase,Small,constant,separated,targeted,100.00,99.84,100.00,50.00,1,1,1,L2
2470,1,CRNN,MalConvBase,Small,operator,shared,stochastic-untargeted,48.54,100.00,100.00,74.92,2,2,2,L3
2471,1,CRNN,MalConvBase,Small,operator,separated,targeted,100.00,100.00,100.00,50.00,2,1,1,L2
2472,1,CRNN,MalConvBase,Small,operator,separated,targeted,100.00,100.00,100.00,50.00,2,1,1,L2
2473,1,CRNN,MalConvBase,Small,operator,separated,stochastic-untargeted,45.63,100.00,100.00,78.16,2,1,2,L3
2474,1,CRNN,MalConvBase,Small,operator,separated,stochastic-untargeted,50.16,100.00,100.00,74.11,2,1,2,L3
2475,1,CRNN,MalConvBase,Small,operator,separated,targeted,100.00,100.00,100.00,50.00,2,1,1,L2
2476,1,CRNN,MalConvBase,Small,operator,shared,stochastic-untargeted,42.39,100.00,100.00,76.70,2,2,2,L3
2477,1,CRNN,MalConvBase,Small,operator,shared,stochastic-untargeted,50.16,100.00,100.00,75.24,2,2,2,L3
2478,1,CRNN,MalConvBase,Small,operator,separated,stochastic-untargeted,49.51,100.00,100.00,75.89,2,1,2,L3
2479,1,CRNN,MalConvBase,Small,operator,separated,stochastic-untargeted,45.31,100.00,100.00,73.95,2,1,2,L3
2480,0,CRNN,MalConvBase,Small,None,None,None,0.00,100.00,100.00,100.00,0,0,0,L0
2481,1,CRNN,MalConvBase,Small,operator,shared,stochastic-untargeted,50.49,100.00,100.00,75.57,2,2,2,L3
2482,1,CRNN,MalConvBase,Small,operator,shared,stochastic-untargeted,51.46,100.00,100.00,74.11,2,2,2,L3
2483,1,CRNN,MalConvBase,Small,operator,separated,stochastic-untargeted,52.75,100.00,100.00,74.43,2,1,2,L3
2484,1,CRNN,MalConvBase,Small,operator,shared,stochastic-untargeted,46.60,100.00,100.00,74.92,2,2,2,L3
2485,1,CRNN,MalConvBase,Small,operator,shared,stochastic-untargeted,50.81,100.00,100.00,73.95,2,2,2,L3
2486,1,CRNN,MalConvBase,Small,constant,separated,targeted,100.00,100.00,100.00,50.00,1,1,1,L2
2487,1,CRNN,MalConvBase,Small,operator,shared,stochastic-untargeted,49.51,100.00,100.00,72.49,2,2,2,L3
2488,1,CRNN,MalConvBase,Small,operator,separated,stochastic-untargeted,49.19,100.00,100.00,74.43,2,1,2,L3
2489,1,CRNN,MalConvBase,Small,operator,separated,stochastic-untargeted,46.93,100.00,100.00,74.92,2,1,2,L3
2490,1,CRNN,MalConvBase,Small,operator,separated,stochastic-untargeted,46.93,100.00,100.00,76.54,2,1,2,L3
2491,0,CRNN,MalConvBase,Small,None,None,None,0.00,100.00,100.00,100.00,0,0,0,L0
2492,1,CRNN,MalConvBase,Small,operator,separated,stochastic-untargeted,51.46,100.00,100.00,72.98,2,1,2,L3
2493,1,CRNN,MalConvBase,Small,operator,shared,stochastic-untargeted,73.79,99.84,100.00,63.75,2,2,2,L3
2494,1,CRNN,MalConvBase,Small,operator,shared,stochastic-untargeted,50.81,100.00,100.00,74.76,2,2,2,L3
2495,0,CRNN,MalConvBase,Small,None,None,None,0.00,100.00,100.00,100.00,0,0,0,L0
2496,0,CRNN,MalConvBase,Small,None,None,None,0.00,100.00,100.00,100.00,0,0,0,L0
2497,1,CRNN,MalConvBase,Small,operator,separated,stochastic-untargeted,47.90,100.00,100.00,75.89,2,1,2,L3
2498,1,CRNN,MalConvBase,Small,operator,shared,stochastic-untargeted,46.93,100.00,100.00,74.27,2,2,2,L3
2499,0,CRNN,MalConvBase,Small,None,None,None,0.00,100.00,100.00,100.00,0,0,0,L0
2500,1,CRNN,MalConvBase,Small,operator,shared,stochastic-untargeted,50.49,100.00,100.00,73.30,2,2,2,L3
2501,1,CRNN,MalConvBase,Small,operator,separated,stochastic-untargeted,100.00,100.00,100.00,50.00,2,1,1,L2
2502,1,CRNN,MalConvBase,Small,operator,shared,stochastic-untargeted,51.78,100.00,100.00,74.76,2,2,2,L3
2503,0,CRNN,MalConvBase,Small,None,None,None,0.00,100.00,100.00,100.00,0,0,0,L0
2504,1,CRNN,MalConvBase,Small,operator,shared,stochastic-untargeted,46.60,100.00,100.00,76.70,2,2,2,L3
2505,1,CRNN,MalConvBase,Small,operator,shared,targeted,100.00,100.00,100.00,50.00,2,2,1,L1
2506,1,CRNN,MalConvBase,Small,operator,shared,stochastic-untargeted,51.13,100.00,100.00,74.43,2,2,2,L3
2507,1,CRNN,MalConvBase,Small,operator,shared,stochastic-untargeted,48.87,100.00,100.00,76.05,2,2,2,L3
2508,0,CRNN,MalConvBase,Small,None,None,None,0.00,100.00,100.00,100.00,0,0,0,L0
2509,1,CRNN,MalConvBase,Small,operator,separated,stochastic-untargeted,54.37,100.00,100.00,75.89,2,1,2,L3
2510,1,CRNN,MalConvBase,Small,operator,separated,stochastic-untargeted,55.34,100.00,100.00,77.51,2,1,2,L3
2511,0,CRNN,MalConvBase,Small,None,None,None,0.00,100.00,100.00,100.00,0,0,0,L0
2512,1,CRNN,MalConvBase,Small,operator,separated,stochastic-untargeted,43.04,100.00,100.00,74.60,2,1,2,L3
2513,1,CRNN,MalConvBase,Small,operator,separated,stochastic-untargeted,52.75,100.00,100.00,75.08,2,1,2,L3
2514,1,CRNN,MalConvBase,Small,operator,shared,stochastic-untargeted,53.72,100.00,100.00,72.33,2,2,2,L3
2515,1,CRNN,MalConvBase,Small,operator,separated,stochastic-untargeted,48.22,100.00,100.00,74.92,2,1,2,L3
2516,1,CRNN,MalConvBase,Small,operator,separated,stochastic-untargeted,52.43,100.00,100.00,75.73,2,1,2,L3
2517,1,CRNN,MalConvBase,Small,operator,shared,stochastic-untargeted,51.13,100.00,100.00,74.11,2,2,2,L3
2518,0,CRNN,MalConvBase,Small,None,None,None,0.00,100.00,100.00,100.00,0,0,0,L0
2519,1,CRNN,MalConvBase,Small,operator,shared,stochastic-untargeted,52.43,100.00,100.00,75.57,2,2,2,L3
2520,1,CRNN,MalConvBase,Small,operator,shared,stochastic-untargeted,50.81,100.00,100.00,75.73,2,2,2,L3
2521,1,CRNN,MalConvBase,Small,operator,shared,stochastic-untargeted,54.05,100.00,100.00,76.05,2,2,2,L3
2522,1,CRNN,MalConvBase,Small,operator,shared,stochastic-untargeted,41.75,100.00,100.00,75.40,2,2,2,L3
2523,1,CRNN,MalConvBase,Small,operator,shared,stochastic-untargeted,48.22,100.00,100.00,72.17,2,2,2,L3
2524,1,CRNN,MalConvBase,Small,operator,shared,stochastic-untargeted,47.25,100.00,100.00,77.18,2,2,2,L3
2525,1,CRNN,MalConvBase,Small,constant,shared,targeted,100.00,100.00,100.00,50.00,1,2,1,L1
2526,1,CRNN,MalConvBase,Small,operator,separated,stochastic-untargeted,52.10,100.00,100.00,75.24,2,1,2,L3
2527,1,CRNN,MalConvBase,Small,operator,separated,stochastic-untargeted,50.16,100.00,100.00,76.38,2,1,2,L3
2528,1,CRNN,MalConvBase,Small,operator,separated,stochastic-untargeted,48.54,100.00,100.00,76.38,2,1,2,L3
2529,1,CRNN,MalConvBase,Small,operator,separated,stochastic-untargeted,47.57,100.00,100.00,75.73,2,1,2,L3
2530,0,CRNN,MalConvBase,Small,None,None,None,0.00,100.00,100.00,100.00,0,0,0,L0
2531,1,CRNN,MalConvBase,Small,constant,separated,targeted,100.00,100.00,100.00,50.00,1,1,1,L2
2532,1,CRNN,MalConvBase,Small,constant,separated,targeted,100.00,100.00,100.00,50.00,1,1,1,L2
2533,1,CRNN,MalConvBase,Small,operator,separated,targeted,100.00,99.84,100.00,50.00,2,1,1,L2
2534,0,CRNN,MalConvBase,Small,None,None,None,0.00,100.00,100.00,100.00,0,0,0,L0
2535,1,CRNN,MalConvBase,Small,constant,separated,stochastic-untargeted,43.04,100.00,100.00,79.94,1,1,2,L2
2536,1,CRNN,MalConvPlus,Small,constant,separated,targeted,100.00,100.00,100.00,50.00,1,1,1,L2
2537,1,CRNN,MalConvPlus,Small,constant,separated,targeted,100.00,99.84,99.68,49.84,1,1,1,L2
2538,1,CRNN,MalConvPlus,Small,operator,shared,stochastic-untargeted,51.13,98.38,99.02,73.46,2,2,2,L3
2539,1,CRNN,MalConvPlus,Small,operator,separated,targeted,100.00,99.84,100.00,50.00,2,1,1,L2
2540,1,CRNN,MalConvPlus,Small,operator,separated,targeted,100.00,100.00,100.00,50.00,2,1,1,L2
2541,1,CRNN,MalConvPlus,Small,operator,separated,stochastic-untargeted,50.16,99.68,100.00,74.76,2,1,2,L3
2542,1,CRNN,MalConvPlus,Small,operator,separated,stochastic-untargeted,49.84,99.84,100.00,76.38,2,1,2,L3
2543,1,CRNN,MalConvPlus,Small,operator,separated,targeted,100.00,100.00,100.00,50.00,2,1,1,L2
2544,1,CRNN,MalConvPlus,Small,operator,shared,stochastic-untargeted,49.84,99.84,100.00,75.89,2,2,2,L3
2545,1,CRNN,MalConvPlus,Small,operator,shared,stochastic-untargeted,47.90,99.68,100.00,75.73,2,2,2,L3
2546,1,CRNN,MalConvPlus,Small,operator,separated,stochastic-untargeted,47.57,99.35,99.35,74.60,2,1,2,L3
2547,1,CRNN,MalConvPlus,Small,operator,separated,stochastic-untargeted,52.10,99.84,100.00,77.51,2,1,2,L3
2548,0,CRNN,MalConvPlus,Small,None,None,None,0.00,100.00,100.00,100.00,0,0,0,L0
2549,1,CRNN,MalConvPlus,Small,operator,shared,stochastic-untargeted,50.49,99.19,98.72,74.60,2,2,2,L3
2550,1,CRNN,MalConvPlus,Small,operator,shared,stochastic-untargeted,53.07,99.84,100.00,76.54,2,2,2,L3
2551,1,CRNN,MalConvPlus,Small,operator,separated,stochastic-untargeted,51.13,99.19,99.03,73.30,2,1,2,L3
2552,1,CRNN,MalConvPlus,Small,operator,shared,stochastic-untargeted,54.69,100.00,100.00,73.62,2,2,2,L3
2553,1,CRNN,MalConvPlus,Small,operator,shared,stochastic-untargeted,46.60,100.00,100.00,75.40,2,2,2,L3
2554,1,CRNN,MalConvPlus,Small,constant,separated,targeted,100.00,100.00,100.00,50.00,1,1,1,L2
2555,1,CRNN,MalConvPlus,Small,operator,shared,stochastic-untargeted,51.78,99.68,100.00,75.57,2,2,2,L3
2556,1,CRNN,MalConvPlus,Small,operator,separated,stochastic-untargeted,47.25,100.00,100.00,73.62,2,1,2,L3
2557,1,CRNN,MalConvPlus,Small,operator,separated,stochastic-untargeted,47.57,99.68,100.00,75.73,2,1,2,L3
2558,1,CRNN,MalConvPlus,Small,operator,separated,stochastic-untargeted,44.01,99.19,99.67,73.46,2,1,2,L3
2559,0,CRNN,MalConvPlus,Small,None,None,None,0.00,99.84,99.68,99.84,0,0,0,L0
2560,1,CRNN,MalConvPlus,Small,operator,separated,stochastic-untargeted,49.51,99.68,100.00,74.76,2,1,2,L3
2561,1,CRNN,MalConvPlus,Small,operator,shared,stochastic-untargeted,70.23,99.35,99.35,66.83,2,2,2,L3
2562,1,CRNN,MalConvPlus,Small,operator,shared,stochastic-untargeted,47.25,100.00,100.00,73.79,2,2,2,L3
2563,0,CRNN,MalConvPlus,Small,None,None,None,0.00,100.00,100.00,100.00,0,0,0,L0
2564,0,CRNN,MalConvPlus,Small,None,None,None,0.00,100.00,100.00,100.00,0,0,0,L0
2565,1,CRNN,MalConvPlus,Small,operator,separated,stochastic-untargeted,52.43,99.35,99.67,73.46,2,1,2,L3
2566,1,CRNN,MalConvPlus,Small,operator,shared,stochastic-untargeted,47.90,99.19,99.67,76.21,2,2,2,L3
2567,0,CRNN,MalConvPlus,Small,None,None,None,0.00,100.00,100.00,100.00,0,0,0,L0
2568,1,CRNN,MalConvPlus,Small,operator,shared,stochastic-untargeted,50.81,99.19,98.72,74.27,2,2,2,L3
2569,1,CRNN,MalConvPlus,Small,operator,separated,stochastic-untargeted,100.00,100.00,100.00,50.00,2,1,1,L2
2570,1,CRNN,MalConvPlus,Small,operator,shared,stochastic-untargeted,50.81,99.84,100.00,75.08,2,2,2,L3
2571,0,CRNN,MalConvPlus,Small,None,None,None,0.00,99.84,100.00,99.84,0,0,0,L0
2572,1,CRNN,MalConvPlus,Small,operator,shared,stochastic-untargeted,52.43,98.71,98.71,73.30,2,2,2,L3
2573,1,CRNN,MalConvPlus,Small,operator,shared,targeted,100.00,100.00,100.00,50.00,2,2,1,L1
2574,1,CRNN,MalConvPlus,Small,operator,shared,stochastic-untargeted,50.16,98.38,97.46,72.49,2,2,2,L3
2575,1,CRNN,MalConvPlus,Small,operator,shared,stochastic-untargeted,47.90,100.00,100.00,76.70,2,2,2,L3
2576,0,CRNN,MalConvPlus,Small,None,None,None,0.00,99.84,100.00,99.84,0,0,0,L0
2577,1,CRNN,MalConvPlus,Small,operator,separated,stochastic-untargeted,55.99,100.00,100.00,73.46,2,1,2,L3
2578,1,CRNN,MalConvPlus,Small,operator,separated,stochastic-untargeted,54.05,99.84,99.68,75.40,2,1,2,L3
2579,0,CRNN,MalConvPlus,Small,None,None,None,0.00,99.51,100.00,99.51,0,0,0,L0
2580,1,CRNN,MalConvPlus,Small,operator,separated,stochastic-untargeted,49.19,99.51,99.35,72.98,2,1,2,L3
2581,1,CRNN,MalConvPlus,Small,operator,separated,stochastic-untargeted,45.63,99.03,98.71,72.33,2,1,2,L3
2582,1,CRNN,MalConvPlus,Small,operator,shared,stochastic-untargeted,51.13,99.19,99.67,73.46,2,2,2,L3
2583,1,CRNN,MalConvPlus,Small,operator,separated,stochastic-untargeted,46.28,99.84,100.00,73.14,2,1,2,L3
2584,1,CRNN,MalConvPlus,Small,operator,separated,stochastic-untargeted,50.49,99.68,100.00,73.79,2,1,2,L3
2585,1,CRNN,MalConvPlus,Small,operator,shared,stochastic-untargeted,53.07,99.84,100.00,74.27,2,2,2,L3
2586,0,CRNN,MalConvPlus,Small,None,None,None,0.00,100.00,100.00,100.00,0,0,0,L0
2587,1,CRNN,MalConvPlus,Small,operator,shared,stochastic-untargeted,50.16,99.84,99.68,76.38,2,2,2,L3
2588,1,CRNN,MalConvPlus,Small,operator,shared,stochastic-untargeted,51.46,99.84,100.00,74.11,2,2,2,L3
2589,1,CRNN,MalConvPlus,Small,operator,shared,stochastic-untargeted,50.16,100.00,100.00,73.30,2,2,2,L3
2590,1,CRNN,MalConvPlus,Small,operator,shared,stochastic-untargeted,53.07,100.00,100.00,76.05,2,2,2,L3
2591,1,CRNN,MalConvPlus,Small,operator,shared,stochastic-untargeted,49.84,100.00,100.00,74.27,2,2,2,L3
2592,1,CRNN,MalConvPlus,Small,constant,shared,targeted,100.00,99.84,99.68,49.84,1,2,1,L1
2593,1,CRNN,MalConvPlus,Small,operator,separated,stochastic-untargeted,44.66,100.00,100.00,73.95,2,1,2,L3
2594,1,CRNN,MalConvPlus,Small,operator,separated,stochastic-untargeted,51.13,100.00,100.00,76.05,2,1,2,L3
2595,1,CRNN,MalConvPlus,Small,operator,separated,stochastic-untargeted,48.54,99.84,100.00,73.62,2,1,2,L3
2596,1,CRNN,MalConvPlus,Small,operator,separated,stochastic-untargeted,46.60,99.68,99.68,72.98,2,1,2,L3
2597,0,CRNN,MalConvPlus,Small,None,None,None,0.00,100.00,100.00,100.00,0,0,0,L0
2598,1,CRNN,MalConvPlus,Small,constant,separated,targeted,100.00,100.00,100.00,50.00,1,1,1,L2
2599,1,CRNN,MalConvPlus,Small,constant,separated,targeted,100.00,99.68,100.00,50.00,1,1,1,L2
2600,1,CRNN,MalConvPlus,Small,operator,separated,targeted,100.00,99.84,99.68,49.84,2,1,1,L2
2601,0,CRNN,MalConvPlus,Small,None,None,None,0.00,99.68,99.68,99.68,0,0,0,L0
2602,1,CRNN,RCNN,Small,constant,separated,targeted,100.00,94.50,95.08,47.57,1,1,1,L2
2603,1,CRNN,RCNN,Small,constant,separated,targeted,100.00,94.50,95.08,47.57,1,1,1,L2
2604,1,CRNN,RCNN,Small,operator,separated,targeted,100.00,89.81,88.44,44.01,2,1,1,L2
2605,1,CRNN,RCNN,Small,operator,separated,targeted,100.00,94.50,95.08,47.57,2,1,1,L2
2606,1,CRNN,RCNN,Small,operator,separated,stochastic-untargeted,50.49,89.81,88.44,68.61,2,1,2,L3
2607,1,CRNN,RCNN,Small,operator,separated,stochastic-untargeted,30.10,89.81,88.44,79.94,2,1,2,L3
2608,1,CRNN,RCNN,Small,operator,separated,targeted,100.00,94.50,95.08,47.57,2,1,1,L2
2609,1,CRNN,RCNN,Small,operator,shared,stochastic-untargeted,47.57,100.00,100.00,78.64,2,2,2,L3
2610,1,CRNN,RCNN,Small,operator,shared,stochastic-untargeted,49.84,89.81,88.44,69.09,2,2,2,L3
2611,1,CRNN,RCNN,Small,operator,separated,stochastic-untargeted,51.78,89.81,88.44,68.28,2,1,2,L3
2612,1,CRNN,RCNN,Small,operator,separated,stochastic-untargeted,55.34,89.81,88.44,70.87,2,1,2,L3
2613,0,CRNN,RCNN,Small,None,None,None,0.00,90.13,90.79,90.13,0,0,0,L0
2614,1,CRNN,RCNN,Small,operator,shared,stochastic-untargeted,48.87,89.81,88.44,69.09,2,2,2,L3
2615,1,CRNN,RCNN,Small,operator,separated,stochastic-untargeted,47.57,89.81,88.44,70.23,2,1,2,L3
2616,1,CRNN,RCNN,Small,operator,shared,stochastic-untargeted,50.81,89.81,88.44,71.20,2,2,2,L3
2617,1,CRNN,RCNN,Small,operator,shared,stochastic-untargeted,46.93,89.81,88.44,68.77,2,2,2,L3
2618,1,CRNN,RCNN,Small,constant,separated,targeted,100.00,94.50,95.08,47.57,1,1,1,L2
2619,1,CRNN,RCNN,Small,operator,shared,stochastic-untargeted,46.60,89.81,88.44,69.74,2,2,2,L3
2620,1,CRNN,RCNN,Small,operator,separated,stochastic-untargeted,55.99,89.81,88.44,66.83,2,1,2,L3
2621,1,CRNN,RCNN,Small,operator,separated,stochastic-untargeted,51.46,89.81,88.44,70.06,2,1,2,L3
2622,1,CRNN,RCNN,Small,operator,separated,stochastic-untargeted,51.13,89.81,88.44,71.52,2,1,2,L3
2623,0,CRNN,RCNN,Small,None,None,None,0.00,100.00,100.00,100.00,0,0,0,L0
2624,1,CRNN,RCNN,Small,operator,separated,stochastic-untargeted,52.43,89.81,88.44,67.15,2,1,2,L3
2625,1,CRNN,RCNN,Small,operator,shared,stochastic-untargeted,61.81,100.00,100.00,71.36,2,2,2,L3
2626,1,CRNN,RCNN,Small,operator,shared,stochastic-untargeted,48.54,100.00,100.00,77.02,2,2,2,L3
2627,0,CRNN,RCNN,Small,None,None,None,0.00,93.53,95.90,93.53,0,0,0,L0
2628,1,CRNN,RCNN,Small,operator,shared,stochastic-untargeted,49.19,89.81,88.44,69.09,2,2,2,L3
2629,0,CRNN,RCNN,Small,None,None,None,0.00,100.00,100.00,100.00,0,0,0,L0
2630,1,CRNN,RCNN,Small,operator,shared,stochastic-untargeted,53.40,89.81,88.44,69.42,2,2,2,L3
2631,1,CRNN,RCNN,Small,operator,separated,stochastic-untargeted,100.00,94.50,95.08,47.57,2,1,1,L2
2632,1,CRNN,RCNN,Small,operator,shared,stochastic-untargeted,45.31,89.81,88.44,68.61,2,2,2,L3
2633,0,CRNN,RCNN,Small,None,None,None,0.00,91.10,94.41,91.10,0,0,0,L0
2634,1,CRNN,RCNN,Small,operator,shared,stochastic-untargeted,54.37,91.91,93.90,69.42,2,2,2,L3
2635,1,CRNN,RCNN,Small,operator,shared,targeted,100.00,94.50,95.08,47.57,2,2,1,L1
2636,1,CRNN,RCNN,Small,operator,shared,stochastic-untargeted,48.22,89.81,88.44,67.15,2,2,2,L3
2637,0,CRNN,RCNN,Small,None,None,None,0.00,94.50,95.08,94.50,0,0,0,L0
2638,1,CRNN,RCNN,Small,operator,separated,stochastic-untargeted,50.49,91.59,93.56,70.23,2,1,2,L3
2639,1,CRNN,RCNN,Small,operator,separated,stochastic-untargeted,53.40,89.81,88.44,69.09,2,1,2,L3
2640,0,CRNN,RCNN,Small,None,None,None,0.00,100.00,100.00,100.00,0,0,0,L0
2641,1,CRNN,RCNN,Small,operator,separated,stochastic-untargeted,45.63,89.81,88.44,69.09,2,1,2,L3
2642,1,CRNN,RCNN,Small,operator,separated,stochastic-untargeted,51.13,89.81,88.44,68.45,2,1,2,L3
2643,1,CRNN,RCNN,Small,operator,shared,stochastic-untargeted,46.93,89.81,88.44,69.26,2,2,2,L3
2644,1,CRNN,RCNN,Small,operator,separated,stochastic-untargeted,52.43,89.81,88.44,68.45,2,1,2,L3
2645,1,CRNN,RCNN,Small,operator,separated,stochastic-untargeted,48.22,99.68,100.00,76.38,2,1,2,L3
2646,1,CRNN,RCNN,Small,operator,shared,stochastic-untargeted,53.07,100.00,100.00,74.43,2,2,2,L3
2647,1,CRNN,RCNN,Small,operator,shared,stochastic-untargeted,78.32,98.87,98.09,59.55,2,2,2,L3
2648,1,CRNN,RCNN,Small,operator,shared,stochastic-untargeted,52.10,89.81,88.44,71.04,2,2,2,L3
2649,1,CRNN,RCNN,Small,operator,shared,stochastic-untargeted,41.75,94.98,97.93,75.57,2,2,2,L3
2650,1,CRNN,RCNN,Small,operator,shared,stochastic-untargeted,46.28,89.81,88.44,68.77,2,2,2,L3
2651,1,CRNN,RCNN,Small,operator,shared,stochastic-untargeted,50.16,89.81,88.44,66.02,2,2,2,L3
2652,1,CRNN,RCNN,Small,constant,shared,targeted,100.00,91.26,91.00,45.47,1,2,1,L1
2653,1,CRNN,RCNN,Small,operator,separated,stochastic-untargeted,49.19,91.91,93.90,73.79,2,1,2,L3
2654,1,CRNN,RCNN,Small,operator,separated,stochastic-untargeted,49.51,99.68,100.00,76.54,2,1,2,L3
2655,1,CRNN,RCNN,Small,operator,separated,stochastic-untargeted,53.40,100.00,100.00,75.89,2,1,2,L3
2656,1,CRNN,RCNN,Small,operator,separated,stochastic-untargeted,49.84,100.00,100.00,75.57,2,1,2,L3
2657,0,CRNN,RCNN,Small,None,None,None,0.00,99.68,100.00,99.68,0,0,0,L0
2658,1,CRNN,RCNN,Small,constant,separated,targeted,100.00,94.50,95.08,47.57,1,1,1,L2
2659,1,CRNN,RCNN,Small,constant,separated,targeted,100.00,89.81,88.44,44.01,1,1,1,L2
2660,0,CRNN,RCNN,Small,None,None,None,0.00,89.81,90.46,89.81,0,0,0,L0
2661,1,CRNN,RCNN,Small,constant,separated,stochastic-untargeted,34.63,89.81,88.44,76.86,1,1,2,L2
